DeployDate,DeployTime,RetrieveDate,RetrieveTime,TrapNumber,Species,Sex,CWid_LR_mm,CLeng_AP_mm,Weight_lb,Weight_calc_kg,Keep_Release_Dead,Tag_YNNew,Tag_Num,Notes
6-Mar-2017,4:15 PM,7-Mar-2017,7:25 AM,T6,Scylla_serrata,M,173,121,3.0,1.3,Keep,No,na,
6-Mar-2017,4:15 PM,7-Mar-2017,7:25 AM,T6,Scylla_serrata,F,111,80,0.6,0.3,Release,No,na,
6-Mar-2017,4:15 PM,7-Mar-2017,7:25 AM,T6,Scylla_serrata,F,165,115,2.7,1.2,Keep,No,na,
6-Mar-2017,4:15 PM,7-Mar-2017,7:25 AM,T6,Scylla_serrata,M,178,126,3.6,1.6,Keep,No,na,
6-Mar-2017,4:15 PM,7-Mar-2017,7:25 AM,T6,Scylla_serrata,M,174,119,3.1,1.4,Keep,No,na,
6-Mar-2017,4:15 PM,7-Mar-2017,7:25 AM,T6,Scylla_serrata,M,176,122,3.2,1.4,Keep,No,na,
6-Mar-2017,4:15 PM,7-Mar-2017,7:25 AM,T6,Scylla_serrata,M,168,115,2.2,1.0,Keep,No,na,
6-Mar-2017,4:15 PM,7-Mar-2017,7:25 AM,T6,Scylla_serrata,M,83,58,0.3,0.1,Release,No,na,
6-Mar-2017,4:15 PM,7-Mar-2017,7:25 AM,T3,Scylla_serrata,M,167,114,2.7,1.2,Keep,No,na,
6-Mar-2017,4:15 PM,7-Mar-2017,7:25 AM,T3,Scylla_serrata,M,186,127,3.8,1.7,Keep,No,na,
6-Mar-2017,4:15 PM,7-Mar-2017,7:25 AM,T3,Scylla_serrata,M,170,119,na,na,Dead,No,na,
6-Mar-2017,4:15 PM,7-Mar-2017,7:25 AM,T3,Scylla_serrata,NA,100,na,na,na,Dead,No,na,
6-Mar-2017,4:15 PM,7-Mar-2017,7:25 AM,T3,Scylla_serrata,M,110,79,0.7,0.3,Release,No,na,
6-Mar-2017,4:15 PM,7-Mar-2017,7:25 AM,T2,Scylla_serrata,M,157,108,2.2,1.0,Keep,No,na,
6-Mar-2017,4:15 PM,7-Mar-2017,7:25 AM,T2,Scylla_serrata,M,179,123,3.9,1.8,Keep,No,na,
6-Mar-2017,4:15 PM,7-Mar-2017,7:25 AM,T1,Scylla_serrata,M,156,106,1.9,0.9,Release,No,na,
6-Mar-2017,4:15 PM,7-Mar-2017,7:25 AM,T1,Scylla_serrata,F,175,121,2.0,0.9,Keep,No,na,
6-Mar-2017,4:15 PM,7-Mar-2017,7:25 AM,T5,Scylla_serrata,M,161,110,2.1,1.0,Release,No,na,
6-Mar-2017,4:15 PM,7-Mar-2017,7:25 AM,T5,Scylla_serrata,M,181,124,3.4,1.6,Keep,No,na,
6-Mar-2017,4:15 PM,7-Mar-2017,7:25 AM,T5,Scylla_serrata,M,167,115,2.8,1.3,Keep,No,na,
6-Mar-2017,4:15 PM,7-Mar-2017,7:25 AM,T5,Scylla_serrata,M,112,77,na,na,Release,No,na,
6-Mar-2017,4:15 PM,7-Mar-2017,7:25 AM,T5,Scylla_serrata,M,194,130,4.1,1.9,Keep,No,na,
6-Mar-2017,4:15 PM,7-Mar-2017,7:25 AM,T4,Scylla_serrata,F,200,141,2.8,1.3,Keep,No,na,
6-Mar-2017,4:15 PM,7-Mar-2017,7:25 AM,T4,Scylla_serrata,F,153,107,1.4,0.6,Release,No,na,
6-Mar-2017,4:15 PM,7-Mar-2017,7:25 AM,T4,Scylla_serrata,M,145,100,1.5,0.7,Release,No,na,
6-Mar-2017,4:15 PM,7-Mar-2017,7:25 AM,T4,Scylla_serrata,M,173,120,3.2,1.5,Keep,No,na,
23-Mar-2017,7:00 AM,24-Mar-2017,8:10 AM,T1,Scylla_serrata,M,178,118,3.1,1.4,Keep,No,na,
23-Mar-2017,7:00 AM,24-Mar-2017,8:10 AM,T4,Scylla_serrata,M,181,126,3.4,1.6,Keep,No,na,
23-Mar-2017,7:00 AM,24-Mar-2017,8:10 AM,T2,Scylla_serrata,M,158,109,2.6,1.2,Keep,No,na,
23-Mar-2017,7:00 AM,24-Mar-2017,8:10 AM,T2,Scylla_serrata,M,151,104,1.8,0.8,Release,No,na,
23-Mar-2017,7:00 AM,24-Mar-2017,8:10 AM,T2,Scylla_serrata,M,173,122,3.2,1.4,Keep,No,na,
23-Mar-2017,7:00 AM,24-Mar-2017,8:10 AM,T5,Scylla_serrata,M,183,127,3.4,1.5,Keep,No,na,
23-Mar-2017,7:00 AM,24-Mar-2017,8:10 AM,T5,Scylla_serrata,M,175,na,na,na,Dead,No,na,
23-Mar-2017,7:00 AM,24-Mar-2017,8:10 AM,T5,Scylla_serrata,M,90,64,0.3,0.1,Release,No,na,
23-Mar-2017,7:00 AM,24-Mar-2017,8:10 AM,T6,Scylla_serrata,M,169,111,2.9,1.3,Keep,No,na,
23-Mar-2017,7:00 AM,24-Mar-2017,8:10 AM,T6,Scylla_serrata,M,174,117,2.5,1.1,Keep,No,na,
23-Mar-2017,7:00 AM,24-Mar-2017,8:10 AM,T6,Scylla_serrata,M,151,113,2.4,1.1,Keep,No,na,
23-Mar-2017,7:00 AM,24-Mar-2017,8:10 AM,T6,Scylla_serrata,F,123,86,0.7,0.3,Release,No,na,Missing left cheliped
23-Mar-2017,7:00 AM,24-Mar-2017,8:10 AM,T6,Scylla_serrata,M,105,73,0.5,0.2,Release,No,na,
23-Mar-2017,7:00 AM,24-Mar-2017,8:10 AM,T6,Scylla_serrata,NA,140,na,na,na,Dead,No,na,Missing telson
4-Apr-2017,1:30 PM,5-Apr-2017,3:38 PM,T4,Scylla_serrata,M,145,101,1.6,0.7,Release,No,na,
4-Apr-2017,1:30 PM,5-Apr-2017,3:38 PM,T4,Scylla_serrata,M,174,118,3.1,1.4,Keep,No,na,
4-Apr-2017,1:30 PM,5-Apr-2017,3:38 PM,T4,Scylla_serrata,M,176,20,3.2,1.5,Keep,No,na,
4-Apr-2017,1:30 PM,5-Apr-2017,3:38 PM,T4,Scylla_serrata,M,170,117,3.1,1.4,Keep,No,na,
4-Apr-2017,1:30 PM,5-Apr-2017,3:38 PM,T4,Scylla_serrata,F,127,90,0.9,0.4,Release,No,na,Missing L chela
4-Apr-2017,1:30 PM,5-Apr-2017,3:38 PM,T4,Scylla_serrata,M,143,97,1.5,0.7,Release,No,na,
4-Apr-2017,1:30 PM,5-Apr-2017,3:38 PM,T4,Scylla_serrata,M,121,82,0.8,0.4,Release,No,na,
4-Apr-2017,1:30 PM,5-Apr-2017,3:38 PM,T4,Scylla_serrata,M,101,74,0.6,0.3,Release,No,na,
4-Apr-2017,1:30 PM,5-Apr-2017,3:38 PM,T1,Scylla_serrata,M,160,111,2.0,0.0,Keep,No,na,"Missing L3, R3"
4-Apr-2017,1:30 PM,5-Apr-2017,3:38 PM,T1,Scylla_serrata,F,147,102,1.3,0.6,Release,No,na,
4-Apr-2017,1:30 PM,5-Apr-2017,3:38 PM,T1,Scylla_serrata,M,146,103,1.6,0.7,Release,No,na,
4-Apr-2017,1:30 PM,5-Apr-2017,3:38 PM,T1,Scylla_serrata,M,146,103,2.0,0.9,Release,No,na,
4-Apr-2017,1:30 PM,5-Apr-2017,3:38 PM,T1,Scylla_serrata,M,179,129,4.1,1.9,Keep,No,na,Missing L2
4-Apr-2017,1:30 PM,5-Apr-2017,3:38 PM,T1,Scylla_serrata,M,173,120,2.9,1.3,Keep,No,na,
4-Apr-2017,1:30 PM,5-Apr-2017,3:38 PM,T2,Scylla_serrata,M,173,123,2.9,1.3,Keep,No,na,Missing L5
4-Apr-2017,1:30 PM,5-Apr-2017,3:38 PM,T2,Scylla_serrata,M,164,114,2.6,1.2,Keep,No,na,
4-Apr-2017,1:30 PM,5-Apr-2017,3:38 PM,T2,Scylla_serrata,F,158,121,1.6,0.7,Release,No,na,
4-Apr-2017,1:30 PM,5-Apr-2017,3:38 PM,T2,Scylla_serrata,M,101,60.5,0.5,0.2,Release,No,na,
4-Apr-2017,1:30 PM,5-Apr-2017,3:38 PM,T6,Scylla_serrata,F,177,124,2.1,1.0,Keep,No,na,
4-Apr-2017,1:30 PM,5-Apr-2017,3:38 PM,T6,Scylla_serrata,M,168,115,2.7,1.2,Keep,No,na,
4-Apr-2017,1:30 PM,5-Apr-2017,3:38 PM,T6,Scylla_serrata,M,157,110,2.2,1.0,Release,No,na,
4-Apr-2017,1:30 PM,5-Apr-2017,3:38 PM,T6,Scylla_serrata,F,160,113,1.5,0.7,Release,No,na,
4-Apr-2017,1:30 PM,5-Apr-2017,3:38 PM,T6,Scylla_serrata,F,126,89,0.7,0.3,Release,No,na,Missing R1
4-Apr-2017,1:30 PM,5-Apr-2017,3:38 PM,T5,Scylla_serrata,M,178,123,3.5,1.6,Keep,No,na,
4-Apr-2017,1:30 PM,5-Apr-2017,3:38 PM,T5,Scylla_serrata,M,168,116,2.7,1.2,Keep,No,na,
4-Apr-2017,1:30 PM,5-Apr-2017,3:38 PM,T5,Scylla_serrata,F,162,110,1.4,0.6,Release,No,na,Missing L1
4-Apr-2017,1:30 PM,5-Apr-2017,3:38 PM,T5,Scylla_serrata,FJ,100,68,0.4,0.2,Release,No,na,Missing L1
4-Apr-2017,1:30 PM,5-Apr-2017,3:38 PM,T5,Scylla_serrata,M,149,103,1.5,0.7,Release,No,na,
4-Apr-2017,1:30 PM,5-Apr-2017,3:38 PM,T5,Scylla_serrata,M,187,129,3.8,1.7,Keep,No,na,
8-May-2017,1:00 PM,9-May-2017,1:09 PM,T3,Scylla_serrata,M,na,na,na,na,Dead,No,na,
8-May-2017,1:00 PM,9-May-2017,1:09 PM,T3,Scylla_serrata,M,163,NA,2.7,1.2,Keep,No,na,Punctured
8-May-2017,1:00 PM,9-May-2017,1:09 PM,T3,Scylla_serrata,M,183,na,3.8,1.7,Keep,No,na,
8-May-2017,1:00 PM,9-May-2017,1:09 PM,T6,Scylla_serrata,na,na,na,na,na,Dead,No,na,
8-May-2017,1:00 PM,9-May-2017,1:09 PM,T6,Scylla_serrata,FJ,109,77,0.5,0.2,Release,No,na,
8-May-2017,1:00 PM,9-May-2017,1:09 PM,T6,Scylla_serrata,M,148,na,1.2,0.5,Release,No,na,
8-May-2017,1:00 PM,9-May-2017,1:09 PM,T6,Scylla_serrata,FJ,96,65,0.3,0.1,Release,No,na,
8-May-2017,1:00 PM,9-May-2017,1:09 PM,T6,Scylla_serrata,F,162,115,1.5,0.7,Release,No,na,
8-May-2017,1:00 PM,9-May-2017,1:09 PM,T7,Scylla_serrata,M,148,na,1.4,0.6,Release,No,na,"Miss R claw, R1"
8-May-2017,1:00 PM,9-May-2017,1:09 PM,T7,Scylla_serrata,F,151,106,1.0,0.5,Release,No,na,"Miss R claw, R1, R2, L claw"
8-May-2017,1:00 PM,9-May-2017,1:09 PM,T7,Scylla_serrata,M,141,na,1.0,0.4,Release,No,na,"Miss R claw, R4, L4, L swim"
8-May-2017,1:00 PM,9-May-2017,1:09 PM,T7,Scylla_serrata,M,141,na,1.3,0.6,Release,No,na,
8-May-2017,1:00 PM,9-May-2017,1:09 PM,T7,Scylla_serrata,M,189,na,3.9,1.7,Keep,No,na,
8-May-2017,1:00 PM,9-May-2017,1:09 PM,T4,Scylla_serrata,M,149,na,1.7,0.7,Release,No,na,
8-May-2017,1:00 PM,9-May-2017,1:09 PM,T4,Scylla_serrata,M,87,na,0.3,0.1,Release,No,na,Dropped R claw but was measured
8-May-2017,1:00 PM,9-May-2017,1:09 PM,T4,Scylla_serrata,M,96,na,0.3,0.2,Release,No,na,
8-May-2017,1:00 PM,9-May-2017,1:09 PM,T4,Scylla_serrata,M,84,na,0.3,0.1,Release,No,na,
8-May-2017,1:00 PM,9-May-2017,1:09 PM,T2,Scylla_serrata,M,120,na,0.7,0.3,Release,No,na,Miss part claw
8-May-2017,1:00 PM,9-May-2017,1:09 PM,T2,Scylla_serrata,M,106,na,0.5,0.2,Release,No,na,Miss L swim
8-May-2017,1:00 PM,9-May-2017,1:09 PM,T1,Scylla_serrata,M,83,58,na,0.0,Release,No,na,"Miss R claw, L1, L4"
8-May-2017,1:00 PM,9-May-2017,1:09 PM,T1,Scylla_serrata,F,110,77,0.4,0.2,Release,No,na,
8-May-2017,1:00 PM,9-May-2017,1:09 PM,T1,Scylla_serrata,M,94,na,0.3,0.1,Release,No,na,Drop R claw
8-May-2017,1:00 PM,9-May-2017,1:09 PM,T1,Scylla_serrata,M,94,na,0.3,0.1,Release,No,na,Drop R claw
8-May-2017,1:00 PM,9-May-2017,1:09 PM,T1,Scylla_serrata,F,120,84,0.7,0.3,Release,No,na,
8-May-2017,1:00 PM,9-May-2017,1:09 PM,T1,Scylla_serrata,M,152,na,1.7,0.8,Release,No,na,
8-May-2017,1:00 PM,9-May-2017,1:09 PM,T5,Scylla_serrata,M,148,na,1.3,0.6,Release,No,na,Miss R claw
8-May-2017,1:00 PM,9-May-2017,1:09 PM,T5,Scylla_serrata,M,172,na,3.4,1.5,Keep,No,na,
9-May-2017,2:15 PM,10-May-2017,11:30 AM,T7,Scylla_serrata,M,173,na,3.2,1.5,Keep,No,na,
9-May-2017,2:15 PM,10-May-2017,11:30 AM,T5,Scylla_serrata,M,168,na,na,na,Dead,No,na,
9-May-2017,2:15 PM,10-May-2017,11:30 AM,T5,Scylla_serrata,M,166,na,3.2,1.5,Keep,No,na,Miss top R claw
9-May-2017,2:15 PM,10-May-2017,11:30 AM,T5,Scylla_serrata,M,182,na,4.0,1.8,Keep,No,na,
9-May-2017,2:15 PM,10-May-2017,11:30 AM,T5,Scylla_serrata,M,186,na,3.5,1.6,Keep,No,na,
9-May-2017,2:15 PM,10-May-2017,11:30 AM,T5,Scylla_serrata,M,128,na,1.0,0.4,Release,No,na,
9-May-2017,2:15 PM,10-May-2017,11:30 AM,T5,Scylla_serrata,M,126,na,0.9,0.4,Release,No,na,
9-May-2017,2:15 PM,10-May-2017,11:30 AM,T5,Scylla_serrata,F,114,80,0.6,0.3,Release,No,na,"Drop L claw, measured"
9-May-2017,2:15 PM,10-May-2017,11:30 AM,T1,Scylla_serrata,M,156,na,2.1,0.9,Keep,No,na,Miss top R claw
9-May-2017,2:15 PM,10-May-2017,11:30 AM,T1,Scylla_serrata,M,191,na,4.5,2.0,Keep,No,na,
9-May-2017,2:15 PM,10-May-2017,11:30 AM,T1,Scylla_serrata,M,151,na,1.8,0.8,Release,No,na,
9-May-2017,2:15 PM,10-May-2017,11:30 AM,T1,Scylla_serrata,M,183,na,3.3,1.5,Keep,No,na,Miss L1
9-May-2017,2:15 PM,10-May-2017,11:30 AM,T6,Scylla_serrata,M,170,na,3.0,1.4,Keep,No,na,
9-May-2017,2:15 PM,10-May-2017,11:30 AM,T6,Scylla_serrata,M,166,na,2.9,1.3,Keep,No,na,Purple
9-May-2017,2:15 PM,10-May-2017,11:30 AM,T6,Scylla_serrata,M,182,na,3.7,1.7,Keep,No,na,
9-May-2017,2:15 PM,10-May-2017,11:30 AM,T6,Scylla_serrata,M,168,na,1.7,0.8,Release,No,na,"Miss R claw,  R swim, L claw, L1"
9-May-2017,2:15 PM,10-May-2017,11:30 AM,T3,Scylla_serrata,M,140,na,1.1,0.5,Release,No,na,Miss R claw
9-May-2017,2:15 PM,10-May-2017,11:30 AM,T3,Scylla_serrata,M,139,na,1.3,0.6,Release,No,na,
9-May-2017,2:15 PM,10-May-2017,11:30 AM,T2,Scylla_serrata,F,168,119,2.0,0.9,Release,No,na,
9-May-2017,2:15 PM,10-May-2017,11:30 AM,T2,Scylla_serrata,M,180,na,4.0,1.8,Keep,No,na,
9-May-2017,2:15 PM,10-May-2017,11:30 AM,T2,Scylla_serrata,F,142,100,1.0,0.5,Release,No,na,Miss R claw
9-May-2017,2:15 PM,10-May-2017,11:30 AM,T4,Scylla_serrata,M,100,na,0.4,0.2,Release,No,na,
9-May-2017,2:15 PM,10-May-2017,11:30 AM,T4,Scylla_serrata,M,99,na,0.4,0.2,Release,No,na,
9-May-2017,2:15 PM,10-May-2017,11:30 AM,T4,Scylla_serrata,M,135,na,1.4,0.6,Release,No,na,
9-May-2017,2:15 PM,10-May-2017,11:30 AM,T4,Scylla_serrata,M,125,na,0.6,0.3,Release,No,na,
9-May-2017,2:15 PM,10-May-2017,11:30 AM,T4,Scylla_serrata,M,105,na,0.5,0.2,Release,No,na,"Miss R claw, L claw"
9-May-2017,2:15 PM,10-May-2017,11:30 AM,T4,Scylla_serrata,M,126,na,1.0,0.5,Release,No,na,
13-Jun-2017,9:00 AM,14-Jun-2017,8:07 AM,T5,Scylla_serrata,M,93,63,0.3,0.1,Release,No,na,
13-Jun-2017,9:00 AM,14-Jun-2017,8:07 AM,T5,Scylla_serrata,na,na,na,na,na,Release,No,na,"Escapee, lost over deck"
13-Jun-2017,9:00 AM,14-Jun-2017,8:07 AM,T5,Scylla_serrata,M,120,80,0.5,0.2,Release,No,na,Miss L claw
13-Jun-2017,9:00 AM,14-Jun-2017,8:07 AM,T5,Scylla_serrata,M,166,117,1.4,0.6,Keep,No,na,"Keep, no sale because no claws, no L swim, no L4"
13-Jun-2017,9:00 AM,14-Jun-2017,8:07 AM,T5,Scylla_serrata,M,145,na,1.2,0.5,Release,No,na,No R claw
13-Jun-2017,9:00 AM,14-Jun-2017,8:07 AM,T5,Scylla_serrata,F,125,88,0.8,0.4,Release,No,na,
13-Jun-2017,9:00 AM,14-Jun-2017,8:07 AM,T5,Scylla_serrata,M,179,na,3.6,1.6,Keep,No,na,
13-Jun-2017,9:00 AM,14-Jun-2017,8:07 AM,T1,Scylla_serrata,M,162,na,2.2,1.0,Release,No,na,"Miss L3, L swim, R2, R3, swim"
13-Jun-2017,9:00 AM,14-Jun-2017,8:07 AM,T1,Scylla_serrata,M,154,na,2.0,0.9,Release,No,na,
13-Jun-2017,9:00 AM,14-Jun-2017,8:07 AM,T1,Scylla_serrata,M,142,na,1.4,0.6,Release,No,na,
13-Jun-2017,9:00 AM,14-Jun-2017,8:07 AM,T6,Scylla_serrata,M,160,na,2.1,1.0,Release,No,na,
13-Jun-2017,9:00 AM,14-Jun-2017,8:07 AM,T6,Scylla_serrata,M,164,na,2.2,1.0,Release,No,na,
13-Jun-2017,9:00 AM,14-Jun-2017,8:07 AM,T6,Scylla_serrata,M,178,na,1.9,0.9,Release,No,na,No R swim claw
13-Jun-2017,9:00 AM,14-Jun-2017,8:07 AM,T2,Scylla_serrata,F,104,71,0.4,0.2,Release,No,na,
13-Jun-2017,9:00 AM,14-Jun-2017,8:07 AM,T2,Scylla_serrata,M,173,na,2.5,1.1,Release,No,na,No L claw; was originally keep but not heavy enough
13-Jun-2017,9:00 AM,14-Jun-2017,8:07 AM,T2,Scylla_serrata,M,162,na,2.3,1.0,Keep,No,na,Died during handling
13-Jun-2017,9:00 AM,14-Jun-2017,8:07 AM,T2,Scylla_serrata,M,168,na,3.0,1.4,Keep,No,na,
13-Jun-2017,9:00 AM,14-Jun-2017,8:07 AM,T2,Scylla_serrata,M,196,na,4.5,2.0,Keep,No,na,Miss L2
13-Jun-2017,9:00 AM,14-Jun-2017,8:07 AM,T7,Scylla_serrata,M,102,na,0.4,0.2,Release,No,na,
13-Jun-2017,9:00 AM,14-Jun-2017,8:07 AM,T7,Scylla_serrata,M,99,na,0.3,0.1,Release,No,na,
13-Jun-2017,9:00 AM,14-Jun-2017,8:07 AM,T7,Scylla_serrata,M,134,na,1.0,0.5,Release,No,na,
13-Jun-2017,9:00 AM,14-Jun-2017,8:07 AM,T7,Scylla_serrata,F,152,112,1.5,0.7,Release,No,na,
13-Jun-2017,9:00 AM,14-Jun-2017,8:07 AM,T7,Scylla_serrata,M,157,na,2.0,0.9,Release,No,na,
13-Jun-2017,9:00 AM,14-Jun-2017,8:07 AM,T3,Scylla_serrata,F,173,119,1.9,0.9,Release,No,na,
13-Jun-2017,9:00 AM,14-Jun-2017,8:07 AM,T3,Scylla_serrata,M,161,na,2.1,1.0,Release,No,na,No R3
13-Jun-2017,9:00 AM,14-Jun-2017,8:07 AM,T3,Scylla_serrata,M,151,na,1.9,0.9,Release,No,na,
13-Jun-2017,9:00 AM,14-Jun-2017,8:07 AM,T3,Scylla_serrata,F,114,80,0.5,0.2,Release,No,na,
14-Jun-2017,9:55 AM,15-Jun-2017,7:43 AM,T7,Scylla_serrata,M,134,na,1.0,0.5,Release,No,na,
14-Jun-2017,9:55 AM,15-Jun-2017,7:43 AM,T2,Scylla_serrata,M,116,82,0.5,0.2,Release,No,na,No claws L/R
14-Jun-2017,9:55 AM,15-Jun-2017,7:43 AM,T2,Scylla_serrata,M,96,67,0.3,0.1,Release,No,na,No R claw
14-Jun-2017,9:55 AM,15-Jun-2017,7:43 AM,T2,Scylla_serrata,M,105,75,0.5,0.2,Release,No,na,
14-Jun-2017,9:55 AM,15-Jun-2017,7:43 AM,T2,Scylla_serrata,M,158,na,2.1,1.0,Keep,No,na,
14-Jun-2017,9:55 AM,15-Jun-2017,7:43 AM,T3,Scylla_serrata,F,162,111,1.5,0.7,Release,No,na,
14-Jun-2017,9:55 AM,15-Jun-2017,7:43 AM,T3,Scylla_serrata,F,135,93,0.9,0.4,Release,No,na,
14-Jun-2017,9:55 AM,15-Jun-2017,7:43 AM,T3,Scylla_serrata,M,125,na,0.7,0.3,Release,No,na,
14-Jun-2017,9:55 AM,15-Jun-2017,7:43 AM,T3,Scylla_serrata,M,172,na,2.7,1.2,Keep,No,na,
11-Jul-2017,3:00 PM,12-Jul-2017,2:00 PM,T7,Scylla_serrata,F,117,88,0.6,0.3,Release,No,na,
11-Jul-2017,3:00 PM,12-Jul-2017,2:00 PM,T7,Scylla_serrata,M,168,na,2.7,1.2,Release_wouldkeep,No,na,"ALL released, but ""would keep"" indicates crab would have been kept"
11-Jul-2017,3:00 PM,12-Jul-2017,2:00 PM,T7,Scylla_serrata,M,158,na,1.8,0.8,Release,No,na,
11-Jul-2017,3:00 PM,12-Jul-2017,2:00 PM,T7,Scylla_serrata,M,164,na,2.2,1.0,Release,No,na,
11-Jul-2017,3:00 PM,12-Jul-2017,2:00 PM,T5,Scylla_serrata,M,99,68,0.4,0.2,Release,No,na,Rain
11-Jul-2017,3:00 PM,12-Jul-2017,2:00 PM,T5,Scylla_serrata,M,145,na,1.5,0.7,Release,No,na,Miss R swim
11-Jul-2017,3:00 PM,12-Jul-2017,2:00 PM,T5,Scylla_serrata,M,185,na,3.0,1.4,Release_wouldkeep,No,na,Miss R chel
11-Jul-2017,3:00 PM,12-Jul-2017,2:00 PM,T5,Scylla_serrata,M,112,83,0.8,0.4,Release,No,na,
11-Jul-2017,3:00 PM,12-Jul-2017,2:00 PM,T5,Scylla_serrata,M,116,82,0.6,0.3,Release,No,na,
11-Jul-2017,3:00 PM,12-Jul-2017,2:00 PM,T5,Scylla_serrata,M,126,89,0.6,0.3,Release,No,na,Miss L chel
11-Jul-2017,3:00 PM,12-Jul-2017,2:00 PM,T5,Scylla_serrata,F,140,98,1.1,0.5,Release,No,na,
11-Jul-2017,3:00 PM,12-Jul-2017,2:00 PM,T5,Scylla_serrata,FJ,102,na,0.4,0.2,Release,No,na,"Hiding in trap. See photo, no setae on telson"
11-Jul-2017,3:00 PM,12-Jul-2017,2:00 PM,T1,Scylla_serrata,M,159,na,2.3,1.0,Release,No,na,
11-Jul-2017,3:00 PM,12-Jul-2017,2:00 PM,T1,Scylla_serrata,F,147,102,1.0,0.5,Release,No,na,Miss R chel
11-Jul-2017,3:00 PM,12-Jul-2017,2:00 PM,T1,Scylla_serrata,M,na,107,na,na,Dead,No,na,
11-Jul-2017,3:00 PM,12-Jul-2017,2:00 PM,T1,Scylla_serrata,F,152,107,1.3,0.6,Release,No,na,
11-Jul-2017,3:00 PM,12-Jul-2017,2:00 PM,T1,Scylla_serrata,M,170,118,2.8,1.3,Release_wouldkeep,No,na,
11-Jul-2017,3:00 PM,12-Jul-2017,2:00 PM,T1,Scylla_serrata,M,170,117,3.1,1.4,Release_wouldkeep,No,na,
11-Jul-2017,3:00 PM,12-Jul-2017,2:00 PM,T1,Scylla_serrata,M,128,92,0.9,0.4,Release,No,na,
11-Jul-2017,3:00 PM,12-Jul-2017,2:00 PM,T1,Scylla_serrata,F,158,112,1.4,0.6,Release,No,na,
11-Jul-2017,3:00 PM,12-Jul-2017,2:00 PM,T6,Scylla_serrata,M,136,96,1.2,0.5,Release,No,na,
11-Jul-2017,3:00 PM,12-Jul-2017,2:00 PM,T6,Scylla_serrata,F,148,102,1.1,0.5,Release,No,na,Miss L2
11-Jul-2017,3:00 PM,12-Jul-2017,2:00 PM,T6,Scylla_serrata,M,127,89,0.7,0.3,Release,No,na,
11-Jul-2017,3:00 PM,12-Jul-2017,2:00 PM,T6,Scylla_serrata,F,114,89,0.5,0.2,Release,No,na,Miss R chel
11-Jul-2017,3:00 PM,12-Jul-2017,2:00 PM,T6,Scylla_serrata,M,158,na,2.0,0.9,Release,No,na,
11-Jul-2017,3:00 PM,12-Jul-2017,2:00 PM,T6,Scylla_serrata,F,112,80,0.4,0.2,Release,No,na,
11-Jul-2017,3:00 PM,12-Jul-2017,2:00 PM,T3,Scylla_serrata,M,172,na,2.6,1.2,Release_wouldkeep,No,na,See photo of claw
11-Jul-2017,3:00 PM,12-Jul-2017,2:00 PM,T3,Scylla_serrata,M,131,na,1.0,0.5,Release,No,na,
11-Jul-2017,3:00 PM,12-Jul-2017,2:00 PM,T3,Scylla_serrata,M,149,na,1.6,0.7,Release,No,na,
11-Jul-2017,3:00 PM,12-Jul-2017,2:00 PM,T3,Scylla_serrata,M,140,na,1.0,0.5,Release,No,na,Miss L chel
11-Jul-2017,3:00 PM,12-Jul-2017,2:00 PM,T3,Scylla_serrata,F,162,112,1.2,0.5,Release,No,na,No chel
11-Jul-2017,3:00 PM,12-Jul-2017,2:00 PM,T3,Scylla_serrata,M,197,136,4.8,2.2,Release_wouldkeep,No,na,
11-Jul-2017,3:00 PM,12-Jul-2017,2:00 PM,T2,Scylla_serrata,F,145,100,1.0,0.5,Release,No,na,
11-Jul-2017,3:00 PM,12-Jul-2017,2:00 PM,T2,Scylla_serrata,M,91,62,0.3,0.1,Release,No,na,Small calipers
11-Jul-2017,3:00 PM,12-Jul-2017,2:00 PM,T2,Scylla_serrata,na,111,74,0.4,0.2,Release,No,na,
11-Jul-2017,3:00 PM,12-Jul-2017,2:00 PM,T2,Scylla_serrata,F,132,93,0.7,0.3,Release,No,na,
11-Jul-2017,3:00 PM,12-Jul-2017,2:00 PM,T2,Scylla_serrata,F,146,101,1.1,0.5,Release,No,na,
11-Jul-2017,3:00 PM,12-Jul-2017,2:00 PM,T2,Scylla_serrata,M,92,66,0.4,0.2,Release,No,na,
11-Jul-2017,3:00 PM,12-Jul-2017,2:00 PM,T2,Scylla_serrata,M,113,80,0.7,0.3,Release,No,na,
1-Aug-2017,1:30 PM,2-Aug-2017,12:47 PM,T2,Scylla_serrata,F,150,104,1.2,0.5,Release,No,na,Miss L chel
1-Aug-2017,1:30 PM,2-Aug-2017,12:47 PM,T2,Scylla_serrata,M,133,na,0.9,0.4,Release,No,na,"Miss L4, L5 swim"
1-Aug-2017,1:30 PM,2-Aug-2017,12:47 PM,T2,Scylla_serrata,M,113,na,0.6,0.3,Release,No,na,
1-Aug-2017,1:30 PM,2-Aug-2017,12:47 PM,T2,Scylla_serrata,M,112,na,0.7,0.3,Release,No,na,
1-Aug-2017,1:30 PM,2-Aug-2017,12:47 PM,T2,Scylla_serrata,M,96,na,0.3,0.1,Release,No,na,
1-Aug-2017,1:30 PM,2-Aug-2017,12:47 PM,T2,Scylla_serrata,M,120,na,0.6,0.3,Release,No,na,
1-Aug-2017,1:30 PM,2-Aug-2017,12:47 PM,T3,Scylla_serrata,M,154,na,2.0,0.9,Release,No,na,
1-Aug-2017,1:30 PM,2-Aug-2017,12:47 PM,T5,Scylla_serrata,M,140,na,1.2,0.5,Release,No,na,"Miss R2, R4"
1-Aug-2017,1:30 PM,2-Aug-2017,12:47 PM,T5,Scylla_serrata,na,na,108,na,na,Dead,No,na,"Pieces-carap, body, claws"
1-Aug-2017,1:30 PM,2-Aug-2017,12:47 PM,T5,Scylla_serrata,M,140,na,1.2,0.5,Release,No,na,
1-Aug-2017,1:30 PM,2-Aug-2017,12:47 PM,T5,Scylla_serrata,M,142,na,1.2,0.5,Release,No,na,Miss R chel
1-Aug-2017,1:30 PM,2-Aug-2017,12:47 PM,T1,Scylla_serrata,M,180,na,2.5,1.1,Release_wouldkeep,No,na,Miss L chel
1-Aug-2017,1:30 PM,2-Aug-2017,12:47 PM,T1,Scylla_serrata,M,124,na,0.6,0.3,Release,No,na,
1-Aug-2017,1:30 PM,2-Aug-2017,12:47 PM,T1,Scylla_serrata,M,162,na,2.3,1.0,Release,No,na,Miss L3
1-Aug-2017,1:30 PM,2-Aug-2017,12:47 PM,T1,Scylla_serrata,F,na,101,na,na,Dead,No,na,
1-Aug-2017,1:30 PM,2-Aug-2017,12:47 PM,T6,Scylla_serrata,M,170,na,2.7,1.2,Release_wouldkeep,No,na,
1-Aug-2017,1:30 PM,2-Aug-2017,12:47 PM,T6,Scylla_serrata,M,156,na,2.2,1.0,Release,No,na,
1-Aug-2017,1:30 PM,2-Aug-2017,12:47 PM,T7,Scylla_serrata,M,159,na,2.2,1.0,Release,No,na,
1-Aug-2017,1:30 PM,2-Aug-2017,12:47 PM,T7,Scylla_serrata,M,135,na,0.8,0.4,Release,No,na,"Miss L chel, L2, L3"
1-Aug-2017,1:30 PM,2-Aug-2017,12:47 PM,T7,Scylla_serrata,F,147,na,1.2,0.5,Release,No,na,
1-Aug-2017,1:30 PM,2-Aug-2017,12:47 PM,T7,Scylla_serrata,F,126,na,0.6,0.3,Release,No,na,Miss L chel
1-Aug-2017,1:30 PM,2-Aug-2017,12:47 PM,T7,Scylla_serrata,F,154,na,1.4,0.6,Release,No,na,
1-Aug-2017,1:30 PM,2-Aug-2017,12:47 PM,T7,Scylla_serrata,F,152,na,1.3,0.6,Release,No,na,L chel fell off but was meas
1-Aug-2017,1:30 PM,2-Aug-2017,12:47 PM,T7,Scylla_serrata,M,166,na,1.9,0.9,Release,No,na,Miss L chel
1-Aug-2017,1:30 PM,2-Aug-2017,12:47 PM,T7,Scylla_serrata,M,163,na,2.3,1.0,Release,No,na,
1-Aug-2017,1:30 PM,2-Aug-2017,12:47 PM,T7,Scylla_serrata,F,153,na,1.2,0.5,Release,No,na,Miss R2-4
11-Sep-2017,10:00 AM,12-Sep-2017,9:14 AM,T3,Scylla_serrata,F,149,na,1.3,0.6,Release,No,na,
11-Sep-2017,10:00 AM,12-Sep-2017,9:14 AM,T3,Scylla_serrata,M,117,na,0.7,0.3,Release,No,na,
11-Sep-2017,10:00 AM,12-Sep-2017,9:14 AM,T3,Scylla_serrata,F,139,na,1.1,0.5,Release,No,na,
11-Sep-2017,10:00 AM,12-Sep-2017,9:14 AM,T3,Scylla_serrata,M,100,na,0.4,0.2,Release,No,na,
11-Sep-2017,10:00 AM,12-Sep-2017,9:14 AM,T3,Scylla_serrata,M,103,na,0.5,0.2,Release,No,na,
11-Sep-2017,10:00 AM,12-Sep-2017,9:14 AM,T3,Scylla_serrata,M,160,na,2.4,1.1,Release,No,na,
11-Sep-2017,10:00 AM,12-Sep-2017,9:14 AM,T5,Scylla_serrata,M,140,na,1.4,0.6,Release,No,na,
11-Sep-2017,10:00 AM,12-Sep-2017,9:14 AM,T5,Scylla_serrata,M,167,na,2.5,1.1,Release_wouldkeep,No,na,
11-Sep-2017,10:00 AM,12-Sep-2017,9:14 AM,T5,Scylla_serrata,M,172,na,2.9,1.3,Release_wouldkeep,No,na,
11-Sep-2017,10:00 AM,12-Sep-2017,9:14 AM,T5,Scylla_serrata,M,139,na,1.3,0.6,Release,No,na,Miss R chel
11-Sep-2017,10:00 AM,12-Sep-2017,9:14 AM,T5,Scylla_serrata,M,170,na,2.9,1.3,Release_wouldkeep,No,na,
11-Sep-2017,10:00 AM,12-Sep-2017,9:14 AM,T5,Scylla_serrata,M,159,na,2.3,1.0,Release,No,na,
11-Sep-2017,10:00 AM,12-Sep-2017,9:14 AM,T2,Scylla_serrata,M,160,na,2.3,1.0,Release,No,na,Miss R3
11-Sep-2017,10:00 AM,12-Sep-2017,9:14 AM,T2,Scylla_serrata,M,185,na,4.0,1.8,Release_wouldkeep,No,na,
11-Sep-2017,10:00 AM,12-Sep-2017,9:14 AM,T2,Scylla_serrata,M,170,na,2.8,1.3,Release_wouldkeep,No,na,
11-Sep-2017,10:00 AM,12-Sep-2017,9:14 AM,T2,Scylla_serrata,F,150,na,1.0,0.5,Release,No,na,
11-Sep-2017,10:00 AM,12-Sep-2017,9:14 AM,T2,Scylla_serrata,F,137,na,1.0,0.5,Release,No,na,
11-Sep-2017,10:00 AM,12-Sep-2017,9:14 AM,T2,Scylla_serrata,M,166,na,2.0,0.9,Release,No,na,Miss R chel
11-Sep-2017,10:00 AM,12-Sep-2017,9:14 AM,T2,Scylla_serrata,M,156,na,2.1,1.0,Release,No,na,Miss L3
11-Sep-2017,10:00 AM,12-Sep-2017,9:14 AM,T2,Scylla_serrata,M,157,na,1.9,0.9,Release,No,na,
11-Sep-2017,10:00 AM,12-Sep-2017,9:14 AM,T2,Scylla_serrata,F,149,na,1.0,0.5,Release,No,na,"Hole in carapace, alive, miss R chel"
11-Sep-2017,10:00 AM,12-Sep-2017,9:14 AM,T7,Scylla_serrata,M,155,na,2.1,1.0,Release,No,na,
11-Sep-2017,10:00 AM,12-Sep-2017,9:14 AM,T7,Scylla_serrata,M,130,na,0.8,0.4,Release,No,na,
11-Sep-2017,10:00 AM,12-Sep-2017,9:14 AM,T7,Scylla_serrata,M,147,na,1.8,0.8,Release,No,na,
11-Sep-2017,10:00 AM,12-Sep-2017,9:14 AM,T7,Scylla_serrata,M,146,na,1.5,0.7,Release,No,na,Miss R chel
11-Sep-2017,10:00 AM,12-Sep-2017,9:14 AM,T7,Scylla_serrata,M,120,na,0.7,0.3,Release,No,na,
11-Sep-2017,10:00 AM,12-Sep-2017,9:14 AM,T7,Scylla_serrata,M,147,na,1.7,0.8,Release,No,na,
11-Sep-2017,10:00 AM,12-Sep-2017,9:14 AM,T7,Scylla_serrata,M,172,na,2.8,1.3,Release_wouldkeep,No,na,
11-Sep-2017,10:00 AM,12-Sep-2017,9:14 AM,T6,Scylla_serrata,F,155,na,1.4,0.6,Release,No,na,
11-Sep-2017,10:00 AM,12-Sep-2017,9:14 AM,T6,Scylla_serrata,M,125,na,0.9,0.4,Release,No,na,
11-Sep-2017,10:00 AM,12-Sep-2017,9:14 AM,T6,Scylla_serrata,F,132,na,0.9,0.4,Release,No,na,
11-Sep-2017,10:00 AM,12-Sep-2017,9:14 AM,T6,Scylla_serrata,M,185,na,3.1,1.4,Release_wouldkeep,No,na,Miss R chel
11-Sep-2017,10:00 AM,12-Sep-2017,9:14 AM,T6,Scylla_serrata,F,156,na,1.5,0.7,Release,No,na,
11-Sep-2017,10:00 AM,12-Sep-2017,9:14 AM,T1,Scylla_serrata,M,175,na,2.9,1.3,Release_wouldkeep,No,na,
11-Sep-2017,10:00 AM,12-Sep-2017,9:14 AM,T1,Scylla_serrata,M,154,na,2.2,1.0,Release,No,na,
11-Sep-2017,10:00 AM,12-Sep-2017,9:14 AM,T1,Scylla_serrata,M,145,na,1.4,0.6,Release,No,na,
18-Oct-2017,12:00 PM,19-Oct-2017,12:26 PM,T4,Scylla_serrata,F,143,na,1.2,0.5,Release,No,na,
18-Oct-2017,12:00 PM,19-Oct-2017,12:26 PM,T4,Scylla_serrata,M,124,na,0.8,0.4,Release,No,na,Miss L chel
18-Oct-2017,12:00 PM,19-Oct-2017,12:26 PM,T4,Scylla_serrata,M,159,na,2.2,1.0,Release,No,na,
18-Oct-2017,12:00 PM,19-Oct-2017,12:26 PM,T4,Scylla_serrata,F,150,na,1.4,0.6,Release,No,na,
18-Oct-2017,12:00 PM,19-Oct-2017,12:26 PM,T4,Scylla_serrata,F,134,na,1.0,0.5,Release,No,na,
18-Oct-2017,12:00 PM,19-Oct-2017,12:26 PM,T4,Scylla_serrata,M,150,na,2.2,1.0,Release,No,na,
18-Oct-2017,12:00 PM,19-Oct-2017,12:26 PM,T4,Scylla_serrata,F,120,na,0.7,0.3,Release,No,na,
18-Oct-2017,12:00 PM,19-Oct-2017,12:26 PM,T4,Scylla_serrata,M,174,na,3.1,1.4,Release_wouldkeep,No,na,
18-Oct-2017,12:00 PM,19-Oct-2017,12:26 PM,T4,Scylla_serrata,F,131,na,0.9,0.4,Release,No,na,
18-Oct-2017,12:00 PM,19-Oct-2017,12:26 PM,T5,Scylla_serrata,M,171,na,2.8,1.3,Release,No,na,
18-Oct-2017,12:00 PM,19-Oct-2017,12:26 PM,T5,Scylla_serrata,M,176,na,3.5,1.6,Release_wouldkeep,No,na,
18-Oct-2017,12:00 PM,19-Oct-2017,12:26 PM,T5,Scylla_serrata,M,168,na,2.0,0.9,Release_wouldkeep,No,na,
18-Oct-2017,12:00 PM,19-Oct-2017,12:26 PM,T1,Scylla_serrata,M,160,na,2.4,1.1,Release,No,na,
18-Oct-2017,12:00 PM,19-Oct-2017,12:26 PM,T1,Scylla_serrata,M,145,na,1.6,0.7,Release,No,na,
18-Oct-2017,12:00 PM,19-Oct-2017,12:26 PM,T1,Scylla_serrata,M,149,na,1.9,0.9,Release,No,na,
18-Oct-2017,12:00 PM,19-Oct-2017,12:26 PM,T1,Scylla_serrata,M,160,na,2.7,1.2,Release_wouldkeep,No,na,
18-Oct-2017,12:00 PM,19-Oct-2017,12:26 PM,T1,Scylla_serrata,M,160,na,1.9,0.9,Release,No,na,
18-Oct-2017,12:00 PM,19-Oct-2017,12:26 PM,T2,Scylla_serrata,M,140,na,1.3,0.6,Release,No,na,
18-Oct-2017,12:00 PM,19-Oct-2017,12:26 PM,T2,Scylla_serrata,M,162,na,2.2,1.0,Release,No,na,
18-Oct-2017,12:00 PM,19-Oct-2017,12:26 PM,T2,Scylla_serrata,M,162,na,2.5,1.1,Release_wouldkeep,No,na,
18-Oct-2017,12:00 PM,19-Oct-2017,12:26 PM,T2,Scylla_serrata,M,117,na,0.7,0.3,Release,No,na,
18-Oct-2017,12:00 PM,19-Oct-2017,12:26 PM,T6,Scylla_serrata,M,156,na,1.9,0.9,Release,No,na,
18-Oct-2017,12:00 PM,19-Oct-2017,12:26 PM,T6,Scylla_serrata,M,164,na,2.1,1.0,Release,No,na,
18-Oct-2017,12:00 PM,19-Oct-2017,12:26 PM,T6,Scylla_serrata,M,162,na,2.6,1.2,Release_wouldkeep,No,na,
18-Oct-2017,12:00 PM,19-Oct-2017,12:26 PM,T6,Scylla_serrata,M,159,na,2.4,1.1,Release,No,na,
18-Oct-2017,12:00 PM,19-Oct-2017,12:26 PM,T6,Scylla_serrata,M,179,na,2.5,1.1,Release_wouldkeep,No,na,
18-Oct-2017,12:00 PM,19-Oct-2017,12:26 PM,T7,Scylla_serrata,na,na,na,na,na,Dead,No,na,
18-Oct-2017,12:00 PM,19-Oct-2017,12:26 PM,T7,Scylla_serrata,M,185,na,3.7,1.7,Release_wouldkeep,No,na,
18-Oct-2017,12:00 PM,19-Oct-2017,12:26 PM,T7,Scylla_serrata,F,127,na,0.8,0.4,Release,No,na,
18-Oct-2017,12:00 PM,19-Oct-2017,12:26 PM,T7,Scylla_serrata,M,160,na,1.8,0.8,Release,No,na,
18-Oct-2017,12:00 PM,19-Oct-2017,12:26 PM,T7,Scylla_serrata,M,155,na,2.0,0.9,Release,No,na,
18-Oct-2017,12:00 PM,19-Oct-2017,12:26 PM,T7,Scylla_serrata,M,155,na,2.0,0.9,Release,No,na,
18-Oct-2017,12:00 PM,19-Oct-2017,12:26 PM,T7,Scylla_serrata,F,141,na,1.0,0.5,Release,No,na,
14-Nov-2017,11:00 AM,15-Nov-2017,11:58 AM,T6,Scylla_serrata,na,na,na,na,na,Escape,No,na,Escaped at dock
14-Nov-2017,11:00 AM,15-Nov-2017,11:58 AM,T6,Scylla_serrata,F,110,na,0.5,0.2,Release,No,na,Miss R chel
14-Nov-2017,11:00 AM,15-Nov-2017,11:58 AM,T6,Scylla_serrata,F,135,na,0.9,0.4,Release,No,na,
14-Nov-2017,11:00 AM,15-Nov-2017,11:58 AM,T6,Scylla_serrata,M,152,na,2.0,0.9,Release,No,na,
14-Nov-2017,11:00 AM,15-Nov-2017,11:58 AM,T6,Scylla_serrata,M,137,na,0.9,0.4,Release,No,na,Miss R chel
14-Nov-2017,11:00 AM,15-Nov-2017,11:58 AM,T6,Scylla_serrata,M,123,na,0.7,0.3,Release,No,na,
14-Nov-2017,11:00 AM,15-Nov-2017,11:58 AM,T6,Scylla_serrata,M,141,na,1.1,0.5,Release,No,na,Miss L chel; covered in algae
14-Nov-2017,11:00 AM,15-Nov-2017,11:58 AM,T2,Scylla_serrata,M,164,na,2.5,1.1,Release_wouldkeep,No,na,Red; miss L chel
14-Nov-2017,11:00 AM,15-Nov-2017,11:58 AM,T2,Scylla_serrata,M,167,na,2.7,1.2,Release_wouldkeep,No,na,"Miss R2,R3"
14-Nov-2017,11:00 AM,15-Nov-2017,11:58 AM,T2,Scylla_serrata,M,158,na,1.3,0.6,Release,No,na,
14-Nov-2017,11:00 AM,15-Nov-2017,11:58 AM,T2,Scylla_serrata,M,159,na,2.6,1.2,Release_wouldkeep,No,na,"Miss L chel, R2,R3"
14-Nov-2017,11:00 AM,15-Nov-2017,11:58 AM,T2,Scylla_serrata,M,164,na,2.6,1.2,Release_wouldkeep,No,na,
14-Nov-2017,11:00 AM,15-Nov-2017,11:58 AM,T2,Scylla_serrata,M,127,na,0.9,0.4,Release,No,na,
14-Nov-2017,11:00 AM,15-Nov-2017,11:58 AM,T1,Scylla_serrata,M,161,na,2.4,1.1,Release,No,na,Miss R4
14-Nov-2017,11:00 AM,15-Nov-2017,11:58 AM,T1,Scylla_serrata,M,141,na,2.0,0.9,Release,No,na,"Miss L chel, L3"
14-Nov-2017,11:00 AM,15-Nov-2017,11:58 AM,T1,Scylla_serrata,M,174,na,2.8,1.3,Release_wouldkeep,No,na,
14-Nov-2017,11:00 AM,15-Nov-2017,11:58 AM,T1,Scylla_serrata,M,160,na,2.0,0.9,Release,No,na,Miss R chel
14-Nov-2017,11:00 AM,15-Nov-2017,11:58 AM,T1,Scylla_serrata,M,170,na,2.6,1.2,Release_wouldkeep,No,na,
14-Nov-2017,11:00 AM,15-Nov-2017,11:58 AM,T1,Scylla_serrata,M,149,na,1.9,0.9,Release,No,na,
14-Nov-2017,11:00 AM,15-Nov-2017,11:58 AM,T1,Scylla_serrata,M,130,na,0.8,0.4,Release,No,na,
14-Nov-2017,11:00 AM,15-Nov-2017,11:58 AM,T1,Scylla_serrata,M,121,na,0.6,0.3,Release,No,na,Miss R chel
14-Nov-2017,11:00 AM,15-Nov-2017,11:58 AM,T4,Scylla_serrata,M,145,na,1.4,0.6,Release,No,na,Miss R3
14-Nov-2017,11:00 AM,15-Nov-2017,11:58 AM,T4,Scylla_serrata,M,171,na,2.8,1.3,Release_wouldkeep,No,na,Miss R swim
14-Nov-2017,11:00 AM,15-Nov-2017,11:58 AM,T4,Scylla_serrata,M,132,na,0.8,0.4,Release,No,na,"Miss L2,L3, R chel, R swim"
14-Nov-2017,11:00 AM,15-Nov-2017,11:58 AM,T3,Scylla_serrata,M,131,na,1.1,0.5,Release,No,na,
14-Nov-2017,11:00 AM,15-Nov-2017,11:58 AM,T3,Scylla_serrata,M,164,na,2.6,1.2,Release_wouldkeep,No,na,
14-Nov-2017,11:00 AM,15-Nov-2017,11:58 AM,T3,Scylla_serrata,M,119,na,0.8,0.4,Release,No,na,
14-Nov-2017,11:00 AM,15-Nov-2017,11:58 AM,T3,Scylla_serrata,M,156,na,2.0,0.9,Release,No,na,"Miss R chel, R3-swim, L3, Lswim"
14-Nov-2017,11:00 AM,15-Nov-2017,11:58 AM,T3,Scylla_serrata,M,160,na,2.3,1.0,Release,No,na,
14-Nov-2017,11:00 AM,15-Nov-2017,11:58 AM,T3,Scylla_serrata,M,159,na,2.3,1.0,Release,No,na,
14-Nov-2017,11:00 AM,15-Nov-2017,11:58 AM,T3,Scylla_serrata,M,157,na,2.1,1.0,Release,No,na,
14-Nov-2017,11:00 AM,15-Nov-2017,11:58 AM,T3,Scylla_serrata,F,129,na,0.8,0.4,Release,No,na,
14-Nov-2017,11:00 AM,15-Nov-2017,11:58 AM,T3,Scylla_serrata,F,168,na,1.8,0.8,Release,No,na,
14-Nov-2017,11:00 AM,15-Nov-2017,11:58 AM,T3,Scylla_serrata,M,145,na,1.0,0.5,Release,No,na,
14-Nov-2017,11:00 AM,15-Nov-2017,11:58 AM,T3,Scylla_serrata,M,167,na,1.6,0.7,Release,No,na,
14-Nov-2017,11:00 AM,15-Nov-2017,11:58 AM,T3,Scylla_serrata,F,152,na,1.3,0.6,Release,No,na,
14-Nov-2017,11:00 AM,15-Nov-2017,11:58 AM,T3,Scylla_serrata,M,159,na,1.9,0.9,Release,No,na,
14-Nov-2017,11:00 AM,15-Nov-2017,11:58 AM,T5,Scylla_serrata,M,152,na,2.0,0.9,Release,No,na,
14-Nov-2017,11:00 AM,15-Nov-2017,11:58 AM,T5,Scylla_serrata,M,173,na,3.2,1.5,Release_wouldkeep,No,na,
14-Nov-2017,11:00 AM,15-Nov-2017,11:58 AM,T5,Scylla_serrata,M,155,na,2.0,0.9,Release,No,na,
14-Nov-2017,11:00 AM,15-Nov-2017,11:58 AM,T5,Scylla_serrata,M,153,na,2.1,1.0,Release,No,na,
14-Nov-2017,11:00 AM,15-Nov-2017,11:58 AM,T5,Scylla_serrata,F,161,na,1.6,0.7,Release,No,na,
14-Nov-2017,11:00 AM,15-Nov-2017,11:58 AM,T5,Scylla_serrata,M,158,na,2.2,1.0,Release,No,na,
14-Nov-2017,11:00 AM,15-Nov-2017,11:58 AM,T5,Scylla_serrata,M,126,na,0.9,0.4,Release,No,na,
7-Dec-2017,9:30 AM,8-Dec-2017,8:54 AM,T7,Scylla_serrata,M,175,na,3.2,1.5,Keep,No,na,"Miss L4, L swim; R3, R4, R swim"
7-Dec-2017,9:30 AM,8-Dec-2017,8:54 AM,T7,Scylla_serrata,M,172,na,3.0,1.4,Keep,No,na,
7-Dec-2017,9:30 AM,8-Dec-2017,8:54 AM,T7,Scylla_serrata,F,170,na,2.1,1.0,Release,No,na,
7-Dec-2017,9:30 AM,8-Dec-2017,8:54 AM,T1,Scylla_serrata,M,132,na,1.1,0.5,Release,No,na,
7-Dec-2017,9:30 AM,8-Dec-2017,8:54 AM,T1,Scylla_serrata,M,173,na,3.0,1.4,Keep,No,na,
7-Dec-2017,9:30 AM,8-Dec-2017,8:54 AM,T1,Scylla_serrata,M,149,na,1.8,0.8,Release,No,na,
7-Dec-2017,9:30 AM,8-Dec-2017,8:54 AM,T1,Scylla_serrata,M,170,na,2.8,1.3,Keep,No,na,
7-Dec-2017,9:30 AM,8-Dec-2017,8:54 AM,T1,Scylla_serrata,M,173,na,2.9,1.3,Keep,No,na,
7-Dec-2017,9:30 AM,8-Dec-2017,8:54 AM,T1,Scylla_serrata,F,130,na,0.9,0.4,Release,No,na,
7-Dec-2017,9:30 AM,8-Dec-2017,8:54 AM,T6,Scylla_serrata,M,135,na,1.2,0.5,Release,No,na,
7-Dec-2017,9:30 AM,8-Dec-2017,8:54 AM,T6,Scylla_serrata,M,174,na,2.7,1.2,Keep,No,na,Miss L swim
7-Dec-2017,9:30 AM,8-Dec-2017,8:54 AM,T6,Scylla_serrata,F,149,na,1.2,0.5,Release,No,na,Miss R swim
7-Dec-2017,9:30 AM,8-Dec-2017,8:54 AM,T6,Scylla_serrata,M,152,na,2.1,1.0,Release,No,na,
7-Dec-2017,9:30 AM,8-Dec-2017,8:54 AM,T6,Scylla_serrata,M,115,na,0.6,0.3,Release,No,na,Miss L claw
7-Dec-2017,9:30 AM,8-Dec-2017,8:54 AM,T2,Scylla_serrata,M,179,na,3.6,1.6,Keep,No,na,
7-Dec-2017,9:30 AM,8-Dec-2017,8:54 AM,T2,Scylla_serrata,M,171,na,2.8,1.3,Keep,No,na,
7-Dec-2017,9:30 AM,8-Dec-2017,8:54 AM,T2,Scylla_serrata,M,143,na,1.4,0.6,Release,No,na,
7-Dec-2017,9:30 AM,8-Dec-2017,8:54 AM,T2,Scylla_serrata,M,146,na,1.8,0.8,Release,No,na,
7-Dec-2017,9:30 AM,8-Dec-2017,8:54 AM,T3,Scylla_serrata,M,164,na,2.4,1.1,Keep,No,na,
7-Dec-2017,9:30 AM,8-Dec-2017,8:54 AM,T3,Scylla_serrata,M,161,na,2.3,1.0,Keep,No,na,For staff
7-Dec-2017,9:30 AM,8-Dec-2017,8:54 AM,T3,Scylla_serrata,M,172,na,2.0,0.9,Keep,No,na,"For staff. Miss L swim; R claw, R4, R swim."
7-Dec-2017,9:30 AM,8-Dec-2017,8:54 AM,T3,Scylla_serrata,F,119,na,0.7,0.3,Release,No,na,
7-Dec-2017,9:30 AM,8-Dec-2017,8:54 AM,T3,Scylla_serrata,M,113,na,0.6,0.3,Release,No,na,
7-Dec-2017,9:30 AM,8-Dec-2017,8:54 AM,T3,Scylla_serrata,F,162,na,1.2,0.5,Release,No,na,No claws; miss L2
7-Dec-2017,9:30 AM,8-Dec-2017,8:54 AM,T5,Scylla_serrata,M,149,na,2.1,1.0,Release,No,na,
7-Dec-2017,9:30 AM,8-Dec-2017,8:54 AM,T5,Scylla_serrata,F,121,na,0.6,0.3,Release,No,na,
7-Dec-2017,9:30 AM,8-Dec-2017,8:54 AM,T5,Scylla_serrata,M,103,na,0.5,0.2,Release,No,na,
7-Dec-2017,9:30 AM,8-Dec-2017,8:54 AM,T5,Scylla_serrata,M,162,na,2.3,1.0,Keep,No,na,For staff.
7-Dec-2017,9:30 AM,8-Dec-2017,8:54 AM,T5,Scylla_serrata,M,161,na,2.2,1.0,Release,No,na,
7-Dec-2017,9:30 AM,8-Dec-2017,8:54 AM,T5,Scylla_serrata,M,166,na,2.3,1.0,Keep,No,na,"For staff. Miss L3, L4, L swim; R2, R3"
7-Dec-2017,9:30 AM,8-Dec-2017,8:54 AM,T4,Scylla_serrata,M,173,na,3.2,1.5,Keep,No,na,
7-Dec-2017,9:30 AM,8-Dec-2017,8:54 AM,T4,Scylla_serrata,M,162,na,2.2,1.0,Release,No,na,
7-Dec-2017,9:30 AM,8-Dec-2017,8:54 AM,T4,Scylla_serrata,M,161,na,1.9,0.9,Release,No,na,"Green, spotted legs, deformed L claw; miss R claw"
7-Dec-2017,9:30 AM,8-Dec-2017,8:54 AM,T4,Scylla_serrata,F,112,na,0.5,0.2,Release,No,na,
7-Dec-2017,9:30 AM,8-Dec-2017,8:54 AM,T4,Scylla_serrata,M,162,na,2.4,1.1,Keep,No,na,
7-Dec-2017,9:30 AM,8-Dec-2017,8:54 AM,T4,Scylla_serrata,M,173,na,1.8,0.8,Release,No,na,"Miss L3, L4; R claw"
9-Jan-2018,10:00 AM,10-Jan-2018,9:37 AM,T6,Scylla_serrata,M,142,na,1.5,0.7,Release,No,na,
9-Jan-2018,10:00 AM,10-Jan-2018,9:37 AM,T6,Scylla_serrata,M,171,na,2.7,1.2,Keep,No,na,
9-Jan-2018,10:00 AM,10-Jan-2018,9:37 AM,T6,Scylla_serrata,M,145,na,1.4,0.6,Release,No,na,
9-Jan-2018,10:00 AM,10-Jan-2018,9:37 AM,T6,Scylla_serrata,M,160,na,2.1,1.0,Keep,No,na,For staff. Small L claw.
9-Jan-2018,10:00 AM,10-Jan-2018,9:37 AM,T1,Scylla_serrata,M,151,na,1.9,0.9,Release,No,na,Barnacles
9-Jan-2018,10:00 AM,10-Jan-2018,9:37 AM,T1,Scylla_serrata,M,155,na,2.0,0.9,Release,No,na,"Miss L swim, L4; R3"
9-Jan-2018,10:00 AM,10-Jan-2018,9:37 AM,T1,Scylla_serrata,M,150,na,1.8,0.8,Release,No,na,
9-Jan-2018,10:00 AM,10-Jan-2018,9:37 AM,T7,Scylla_serrata,F,181,na,2.4,1.1,Keep,No,na,"Opened telson, no eggs"
9-Jan-2018,10:00 AM,10-Jan-2018,9:37 AM,T7,Scylla_serrata,M,165,na,3.0,1.4,Keep,No,na,
9-Jan-2018,10:00 AM,10-Jan-2018,9:37 AM,T2,Scylla_serrata,M,155,na,1.9,0.9,Release,No,na,
9-Jan-2018,10:00 AM,10-Jan-2018,9:37 AM,T2,Scylla_serrata,F,159,na,1.5,0.7,Release,No,na,
9-Jan-2018,10:00 AM,10-Jan-2018,9:37 AM,T2,Scylla_serrata,M,162,na,2.6,1.2,Keep,No,na,
9-Jan-2018,10:00 AM,10-Jan-2018,9:37 AM,T2,Scylla_serrata,F,168,na,1.8,0.8,Release,No,na,
9-Jan-2018,10:00 AM,10-Jan-2018,9:37 AM,T2,Scylla_serrata,M,170,na,2.8,1.3,Keep,No,na,Miss chunk L swim; R3
9-Jan-2018,10:00 AM,10-Jan-2018,9:37 AM,T2,Scylla_serrata,M,148,na,1.6,0.7,Release,No,na,"Miss R3; L3, L swim"
9-Jan-2018,10:00 AM,10-Jan-2018,9:37 AM,T3,Scylla_serrata,M,150,na,1.7,0.8,Release,No,na,
9-Jan-2018,10:00 AM,10-Jan-2018,9:37 AM,T3,Scylla_serrata,M,140,na,1.2,0.5,Release,No,na,
9-Jan-2018,10:00 AM,10-Jan-2018,9:37 AM,T3,Scylla_serrata,M,139,na,1.3,0.6,Release,No,na,
9-Jan-2018,10:00 AM,10-Jan-2018,9:37 AM,T3,Scylla_serrata,F,174,na,2.0,0.9,Release,No,na,
9-Jan-2018,10:00 AM,10-Jan-2018,9:37 AM,T5,Scylla_serrata,M,166,na,2.8,1.3,Keep,No,na,
9-Jan-2018,10:00 AM,10-Jan-2018,9:37 AM,T5,Scylla_serrata,M,170,na,2.7,1.2,Keep,No,na,
9-Jan-2018,10:00 AM,10-Jan-2018,9:37 AM,T5,Scylla_serrata,M,160,na,2.0,0.9,Keep,No,na,For staff. Hole in carapace. Miss L3
9-Jan-2018,10:00 AM,10-Jan-2018,9:37 AM,T5,Scylla_serrata,F,131,na,0.9,0.4,Release,No,na,
9-Jan-2018,10:00 AM,10-Jan-2018,9:37 AM,T5,Scylla_serrata,F,181,na,2.3,1.0,Release,No,na,
9-Jan-2018,10:00 AM,10-Jan-2018,9:37 AM,T5,Scylla_serrata,M,163,na,2.7,1.2,Keep,No,na,
9-Jan-2018,10:00 AM,10-Jan-2018,9:37 AM,T4,Scylla_serrata,M,178,na,2.6,1.2,Keep,No,na,
9-Jan-2018,10:00 AM,10-Jan-2018,9:37 AM,T4,Scylla_serrata,F,138,na,0.9,0.4,Release,No,na,"Miss R claw, hole in body near claw"
9-Jan-2018,10:00 AM,10-Jan-2018,9:37 AM,T4,Scylla_serrata,M,169,na,2.6,1.2,Keep,No,na,
9-Jan-2018,10:00 AM,10-Jan-2018,9:37 AM,T4,Scylla_serrata,M,163,na,1.9,0.9,Release,No,na,
14-Feb-2018,12:00 PM,15-Feb-2018,8:32 AM,T5,Scylla_serrata,M,167,na,2.7,1.2,Release_wouldkeep,No,na,
14-Feb-2018,12:00 PM,15-Feb-2018,8:32 AM,T5,Scylla_serrata,F,161,na,1.7,0.8,Release,No,na,
14-Feb-2018,12:00 PM,15-Feb-2018,8:32 AM,T5,Scylla_serrata,F,174,na,2.1,1.0,Release,No,na,
14-Feb-2018,12:00 PM,15-Feb-2018,8:32 AM,T5,Scylla_serrata,M,160,na,2.0,0.9,Release,No,na,
14-Feb-2018,12:00 PM,15-Feb-2018,8:32 AM,T5,Scylla_serrata,M,154,na,1.9,0.9,Release,No,na,
14-Feb-2018,12:00 PM,15-Feb-2018,8:32 AM,T5,Scylla_serrata,M,159,na,2.3,1.0,Release,No,na,
14-Feb-2018,12:00 PM,15-Feb-2018,8:32 AM,T2,Scylla_serrata,M,166,na,2.4,1.1,Release,No,na,Miss L swim; small L claw
14-Feb-2018,12:00 PM,15-Feb-2018,8:32 AM,T2,Scylla_serrata,F,155,na,1.5,0.7,Release,No,na,
14-Feb-2018,12:00 PM,15-Feb-2018,8:32 AM,T2,Scylla_serrata,M,163,na,2.7,1.2,Release_wouldkeep,No,na,
14-Feb-2018,12:00 PM,15-Feb-2018,8:32 AM,T2,Scylla_serrata,M,176,na,3.3,1.5,Release_wouldkeep,No,na,Miss L4; deformed L claw
14-Feb-2018,12:00 PM,15-Feb-2018,8:32 AM,T6,Scylla_serrata,F,163,na,1.8,0.8,Release,No,na,
14-Feb-2018,12:00 PM,15-Feb-2018,8:32 AM,T6,Scylla_serrata,M,174,na,3.0,1.4,Release_wouldkeep,No,na,
14-Feb-2018,12:00 PM,15-Feb-2018,8:32 AM,T6,Scylla_serrata,F,163,na,1.4,0.6,Release,No,na,Miss R claw
14-Feb-2018,12:00 PM,15-Feb-2018,8:32 AM,T6,Scylla_serrata,F,168,na,2.0,0.9,Release,No,na,
14-Feb-2018,12:00 PM,15-Feb-2018,8:32 AM,T6,Scylla_serrata,M,155,na,2.2,1.0,Release,No,na,
14-Feb-2018,12:00 PM,15-Feb-2018,8:32 AM,T6,Scylla_serrata,M,155,na,2.1,1.0,Release,No,na,Miss R swim
14-Feb-2018,12:00 PM,15-Feb-2018,8:32 AM,T6,Scylla_serrata,M,163,na,2.4,1.1,Release,No,na,
14-Feb-2018,12:00 PM,15-Feb-2018,8:32 AM,T7,Scylla_serrata,M,144,na,1.4,0.6,Release,No,na,Barnacle under eye
14-Feb-2018,12:00 PM,15-Feb-2018,8:32 AM,T7,Scylla_serrata,M,160,na,2.6,1.2,Release_wouldkeep,No,na,Barnacles
14-Feb-2018,12:00 PM,15-Feb-2018,8:32 AM,T7,Scylla_serrata,M,163,na,2.0,0.9,Release,No,na,"Miss L claw, L2"
14-Feb-2018,12:00 PM,15-Feb-2018,8:32 AM,T7,Scylla_serrata,M,150,na,1.8,0.8,Keep,No,na,Dying
14-Feb-2018,12:00 PM,15-Feb-2018,8:32 AM,T7,Scylla_serrata,M,169,na,2.5,1.1,Keep,No,na,Dying
14-Feb-2018,12:00 PM,15-Feb-2018,8:32 AM,T7,Scylla_serrata,M,150,na,1.8,0.8,Release,No,na,Miss R2
14-Feb-2018,12:00 PM,15-Feb-2018,8:32 AM,T7,Scylla_serrata,M,101,na,0.4,0.2,Release,No,na,Miss L claw
14-Feb-2018,12:00 PM,15-Feb-2018,8:32 AM,T1,Scylla_serrata,M,162,na,2.5,1.1,Release_wouldkeep,No,na,
14-Feb-2018,12:00 PM,15-Feb-2018,8:32 AM,T1,Scylla_serrata,M,157,na,2.3,1.0,Release,No,na,Deformed claw
14-Feb-2018,12:00 PM,15-Feb-2018,8:32 AM,T1,Scylla_serrata,M,148,na,1.8,0.8,Release,No,na,
14-Feb-2018,12:00 PM,15-Feb-2018,8:32 AM,T1,Scylla_serrata,M,149,na,2.2,1.0,Release,No,na,
14-Feb-2018,12:00 PM,15-Feb-2018,8:32 AM,T4,Scylla_serrata,F,171,na,1.9,0.9,Release,No,na,Miss L claw
14-Feb-2018,12:00 PM,15-Feb-2018,8:32 AM,T4,Scylla_serrata,M,170,na,2.8,1.3,Release_wouldkeep,No,na,Miss R2
14-Feb-2018,12:00 PM,15-Feb-2018,8:32 AM,T4,Scylla_serrata,M,173,na,2.4,1.1,Release,No,na,"Miss L claw, R3"
14-Feb-2018,12:00 PM,15-Feb-2018,8:32 AM,T4,Scylla_serrata,M,148,na,1.8,0.8,Release,No,na,
14-Feb-2018,12:00 PM,15-Feb-2018,8:32 AM,T3,Scylla_serrata,M,171,na,2.9,1.3,Release_wouldkeep,No,na,"Miss L3, R2-4"
14-Feb-2018,12:00 PM,15-Feb-2018,8:32 AM,T3,Scylla_serrata,M,143,na,1.5,0.7,Release,No,na,
14-Feb-2018,12:00 PM,15-Feb-2018,8:32 AM,T3,Scylla_serrata,F,168,na,1.9,0.9,Release,No,na,
14-Feb-2018,12:00 PM,15-Feb-2018,8:32 AM,T3,Scylla_serrata,M,112,na,0.8,0.4,Release,No,na,
14-Feb-2018,12:00 PM,15-Feb-2018,8:32 AM,T3,Scylla_serrata,F,157,na,1.5,0.7,Release,No,na,Miss L claw
14-Feb-2018,12:00 PM,15-Feb-2018,8:32 AM,T3,Scylla_serrata,M,125,na,0.9,0.4,Release,No,na,
14-Mar-2018,1:00 PM,15-Mar-2018,12:45 PM,T1,Scylla_serrata,F,167,na,1.7,0.8,Release,New,Y0002,
14-Mar-2018,1:00 PM,15-Mar-2018,12:45 PM,T1,Scylla_serrata,M,173,na,3.1,1.4,Keep,No,na,
14-Mar-2018,1:00 PM,15-Mar-2018,12:45 PM,T1,Scylla_serrata,M,171,na,2.9,1.3,Keep,No,na,
14-Mar-2018,1:00 PM,15-Mar-2018,12:45 PM,T1,Scylla_serrata,M,168,na,2.5,1.1,Keep,No,na,
14-Mar-2018,1:00 PM,15-Mar-2018,12:45 PM,T1,Scylla_serrata,M,151,na,2.2,1.0,Keep,No,na,
14-Mar-2018,1:00 PM,15-Mar-2018,12:45 PM,T1,Scylla_serrata,M,148,na,2.4,1.1,Keep,No,na,
14-Mar-2018,1:00 PM,15-Mar-2018,12:45 PM,T1,Scylla_serrata,M,157,na,1.9,0.9,Keep,No,na,
14-Mar-2018,1:00 PM,15-Mar-2018,12:45 PM,T1,Scylla_serrata,M,155,na,2.1,1.0,Keep,No,na,
14-Mar-2018,1:00 PM,15-Mar-2018,12:45 PM,T6,Scylla_serrata,M,149,na,1.0,0.5,Release,New,Y0003,No R claw
14-Mar-2018,1:00 PM,15-Mar-2018,12:45 PM,T6,Scylla_serrata,M,157,na,2.0,0.9,Keep,No,na,Miss R2
14-Mar-2018,1:00 PM,15-Mar-2018,12:45 PM,T6,Scylla_serrata,M,171,na,2.7,1.2,Keep,No,na,
14-Mar-2018,1:00 PM,15-Mar-2018,12:45 PM,T2,Scylla_serrata,F,167,na,1.9,0.9,Keep,No,na,
14-Mar-2018,1:00 PM,15-Mar-2018,12:45 PM,T2,Scylla_serrata,M,173,na,2.3,1.0,Keep,No,na,
14-Mar-2018,1:00 PM,15-Mar-2018,12:45 PM,T2,Scylla_serrata,M,173,na,2.9,1.3,Keep,No,na,
14-Mar-2018,1:00 PM,15-Mar-2018,12:45 PM,T4,Scylla_serrata,M,165,na,2.6,1.2,Keep,No,na,
14-Mar-2018,1:00 PM,15-Mar-2018,12:45 PM,T4,Scylla_serrata,M,160,na,1.3,0.6,Release,New,Y0004,No claws
14-Mar-2018,1:00 PM,15-Mar-2018,12:45 PM,T7,Scylla_serrata,M,159,na,2.4,1.1,Keep,No,na,
14-Mar-2018,1:00 PM,15-Mar-2018,12:45 PM,T7,Scylla_serrata,M,171,na,2.8,1.3,Keep,No,na,
14-Mar-2018,1:00 PM,15-Mar-2018,12:45 PM,T7,Scylla_serrata,M,168,na,2.1,1.0,Keep,No,na,"Miss R claw, L swim"
14-Mar-2018,1:00 PM,15-Mar-2018,12:45 PM,T7,Scylla_serrata,M,157,na,2.4,1.1,Keep,No,na,
14-Mar-2018,1:00 PM,15-Mar-2018,12:45 PM,T7,Scylla_serrata,M,172,na,2.9,1.3,Keep,No,na,
14-Mar-2018,1:00 PM,15-Mar-2018,12:45 PM,T7,Scylla_serrata,M,162,na,2.3,1.0,Keep,No,na,
14-Mar-2018,1:00 PM,15-Mar-2018,12:45 PM,T3,Scylla_serrata,M,159,na,2.3,1.0,Keep,No,na,Miss L swim
14-Mar-2018,1:00 PM,15-Mar-2018,12:45 PM,T3,Scylla_serrata,M,153,na,1.8,0.8,Keep,No,na,
14-Mar-2018,1:00 PM,15-Mar-2018,12:45 PM,T3,Scylla_serrata,M,168,na,2.8,1.3,Keep,No,na,
14-Mar-2018,1:00 PM,15-Mar-2018,12:45 PM,T3,Scylla_serrata,F,149,na,1.3,0.6,Release,New,Y0005,
14-Mar-2018,1:00 PM,15-Mar-2018,12:45 PM,T3,Scylla_serrata,M,146,na,1.6,0.7,Release,New,Y0006,Miss L swim
14-Mar-2018,1:00 PM,15-Mar-2018,12:45 PM,T3,Scylla_serrata,F,165,na,1.8,0.8,Keep,No,na,Miss L4
14-Mar-2018,1:00 PM,15-Mar-2018,12:45 PM,T5,Scylla_serrata,M,166,na,2.7,1.2,Keep,No,na,
14-Mar-2018,1:00 PM,15-Mar-2018,12:45 PM,T5,Scylla_serrata,M,160,na,2.5,1.1,Keep,No,na,
14-Mar-2018,1:00 PM,15-Mar-2018,12:45 PM,T5,Scylla_serrata,M,167,na,2.6,1.2,Keep,No,na,
14-Mar-2018,1:00 PM,15-Mar-2018,12:45 PM,T5,Scylla_serrata,M,159,na,2.2,1.0,Keep,No,na,
14-Mar-2018,1:00 PM,15-Mar-2018,12:45 PM,T5,Scylla_serrata,M,155,na,2.2,1.0,Keep,No,na,
14-Mar-2018,1:00 PM,15-Mar-2018,12:45 PM,T5,Scylla_serrata,M,171,na,3.0,1.4,Keep,No,na,"Miss R3, R4k"
19-Mar-2018,2:00 PM,20-Mar-2018,2:20 PM,T5,Scylla_serrata,F,173,na,1.9,0.9,Release,New,Y0008,Miss R claw
19-Mar-2018,2:00 PM,20-Mar-2018,2:20 PM,T5,Scylla_serrata,F,172,na,1.8,0.8,Release,New,Y0009,Miss R claw
19-Mar-2018,2:00 PM,20-Mar-2018,2:20 PM,T5,Scylla_serrata,F,170,na,1.9,0.9,Keep,No,na,
19-Mar-2018,2:00 PM,20-Mar-2018,2:20 PM,T4,Scylla_serrata,M,159,na,2.3,1.0,Keep,No,na,
19-Mar-2018,2:00 PM,20-Mar-2018,2:20 PM,T4,Scylla_serrata,M,178,na,3.2,1.5,Keep,No,na,Misshapen Top L claw
19-Mar-2018,2:00 PM,20-Mar-2018,2:20 PM,T4,Scylla_serrata,M,125,na,1.0,0.5,Release,New,Y0010,
19-Mar-2018,2:00 PM,20-Mar-2018,2:20 PM,T4,Scylla_serrata,F,172,na,1.8,0.8,Release,New,Y0012,
19-Mar-2018,2:00 PM,20-Mar-2018,2:20 PM,T4,Scylla_serrata,M,159,na,2.3,1.0,Keep,No,na,Miss L3
19-Mar-2018,2:00 PM,20-Mar-2018,2:20 PM,T4,Scylla_serrata,M,155,na,2.2,1.0,Keep,No,na,
19-Mar-2018,2:00 PM,20-Mar-2018,2:20 PM,T6,Scylla_serrata,F,175,na,2.1,1.0,Keep,No,na,
19-Mar-2018,2:00 PM,20-Mar-2018,2:20 PM,T6,Scylla_serrata,M,160,na,2.5,1.1,Keep,No,na,
19-Mar-2018,2:00 PM,20-Mar-2018,2:20 PM,T6,Scylla_serrata,F,161,na,1.3,0.6,Release,New,Y0014,No claws
19-Mar-2018,2:00 PM,20-Mar-2018,2:20 PM,T6,Scylla_serrata,F,162,na,1.7,0.8,Keep,No,na,
19-Mar-2018,2:00 PM,20-Mar-2018,2:20 PM,T2,Scylla_serrata,F,170,na,2.0,0.9,Keep,No,na,No claws
19-Mar-2018,2:00 PM,20-Mar-2018,2:20 PM,T2,Scylla_serrata,F,150,na,1.1,0.5,Release,New,Y0015,
19-Mar-2018,2:00 PM,20-Mar-2018,2:20 PM,T2,Scylla_serrata,F,164,na,1.7,0.8,Release,New,Y0016,
19-Mar-2018,2:00 PM,20-Mar-2018,2:20 PM,T1,Scylla_serrata,M,158,na,2.4,1.1,Keep,No,na,
19-Mar-2018,2:00 PM,20-Mar-2018,2:20 PM,T1,Scylla_serrata,M,167,na,2.7,1.2,Keep,No,na,
19-Mar-2018,2:00 PM,20-Mar-2018,2:20 PM,T1,Scylla_serrata,M,151,na,2.0,0.9,Keep,No,na,
19-Mar-2018,2:00 PM,20-Mar-2018,2:20 PM,T1,Scylla_serrata,F,155,na,1.5,0.7,Release,New,Y0017,
19-Mar-2018,2:00 PM,20-Mar-2018,2:20 PM,T7,Scylla_serrata,M,120,na,0.8,0.4,Release,New,Y0019,
19-Mar-2018,2:00 PM,20-Mar-2018,2:20 PM,T7,Scylla_serrata,F,150,na,1.1,0.5,Release,New,Y0020,Miss L claw
19-Mar-2018,2:00 PM,20-Mar-2018,2:20 PM,T7,Scylla_serrata,M,155,na,1.7,0.8,Release,New,Y0022,Miss L3-5
19-Mar-2018,2:00 PM,20-Mar-2018,2:20 PM,T7,Scylla_serrata,M,178,na,3.0,1.4,Keep,No,na,
19-Mar-2018,2:00 PM,20-Mar-2018,2:20 PM,T7,Scylla_serrata,M,155,na,2.3,1.0,Keep,No,na,
19-Mar-2018,2:00 PM,20-Mar-2018,2:20 PM,T7,Scylla_serrata,M,160,na,2.5,1.1,Keep,No,na,
19-Mar-2018,2:00 PM,20-Mar-2018,2:20 PM,T7,Scylla_serrata,M,170,na,3.0,1.4,Keep,No,na,
19-Mar-2018,2:00 PM,20-Mar-2018,2:20 PM,T7,Scylla_serrata,M,82,na,0.2,0.1,Release,New,Y0023,
19-Mar-2018,2:00 PM,20-Mar-2018,2:20 PM,T3,Scylla_serrata,M,168,na,2.8,1.3,Keep,No,na,
19-Mar-2018,2:00 PM,20-Mar-2018,2:20 PM,T3,Scylla_serrata,M,167,na,2.8,1.3,Keep,No,na,
19-Mar-2018,2:00 PM,20-Mar-2018,2:20 PM,T3,Scylla_serrata,M,164,na,2.6,1.2,Keep,No,na,
19-Mar-2018,2:00 PM,20-Mar-2018,2:20 PM,T3,Scylla_serrata,M,154,na,2.0,0.9,Keep,No,na,
29-Mar-2018,3:30 PM,30-Mar-2018,1:23 PM,T1,Scylla_serrata,M,134,na,1.0,0.5,Release,New,Y0024,Miss R claw
29-Mar-2018,3:30 PM,30-Mar-2018,1:23 PM,T1,Scylla_serrata,M,175,na,3.2,1.5,Keep,No,na,
29-Mar-2018,3:30 PM,30-Mar-2018,1:23 PM,T1,Scylla_serrata,F,158,na,1.4,0.6,Release,New,Y0025,Miss L claw
29-Mar-2018,3:30 PM,30-Mar-2018,1:23 PM,T1,Scylla_serrata,M,171,na,2.9,1.3,Keep,No,na,
29-Mar-2018,3:30 PM,30-Mar-2018,1:23 PM,T1,Scylla_serrata,F,168,na,1.6,0.7,Keep,No,na,Miss L claw
29-Mar-2018,3:30 PM,30-Mar-2018,1:23 PM,T2,Scylla_serrata,M,167,na,2.9,1.3,Keep,No,na,
29-Mar-2018,3:30 PM,30-Mar-2018,1:23 PM,T2,Scylla_serrata,M,161,na,2.6,1.2,Keep,No,na,
29-Mar-2018,3:30 PM,30-Mar-2018,1:23 PM,T2,Scylla_serrata,M,165,na,2.7,1.2,Keep,No,na,Weird L claw
29-Mar-2018,3:30 PM,30-Mar-2018,1:23 PM,T2,Scylla_serrata,M,180,na,3.2,1.5,Keep,No,na,
29-Mar-2018,3:30 PM,30-Mar-2018,1:23 PM,T5,Scylla_serrata,M,154,na,2.0,0.9,Keep,No,na,
29-Mar-2018,3:30 PM,30-Mar-2018,1:23 PM,T5,Scylla_serrata,M,167,na,2.6,1.2,Keep,No,na,
29-Mar-2018,3:30 PM,30-Mar-2018,1:23 PM,T5,Scylla_serrata,M,172,na,3.0,1.4,Keep,No,na,
29-Mar-2018,3:30 PM,30-Mar-2018,1:23 PM,T7,Scylla_serrata,F,168,na,1.6,0.7,Release,New,Y0029,
29-Mar-2018,3:30 PM,30-Mar-2018,1:23 PM,T7,Scylla_serrata,F,167,na,1.6,0.7,Release,New,Y0030,
29-Mar-2018,3:30 PM,30-Mar-2018,1:23 PM,T3,Scylla_serrata,M,163,na,2.8,1.3,Keep,No,na,
29-Mar-2018,3:30 PM,30-Mar-2018,1:23 PM,T3,Scylla_serrata,M,150,na,1.5,0.7,Keep,New,Y0033,"Miss R2, L claw"
29-Mar-2018,3:30 PM,30-Mar-2018,1:23 PM,T3,Scylla_serrata,M,155,na,1.9,0.9,Keep,No,na,
29-Mar-2018,3:30 PM,30-Mar-2018,1:23 PM,T3,Scylla_serrata,M,149,na,1.9,0.9,Keep,No,na,
29-Mar-2018,3:30 PM,30-Mar-2018,1:23 PM,T3,Scylla_serrata,M,164,na,2.3,1.0,Keep,No,na,
29-Mar-2018,3:30 PM,30-Mar-2018,1:23 PM,T3,Scylla_serrata,F,154,na,1.4,0.6,Keep,New,Y0034,
29-Mar-2018,3:30 PM,30-Mar-2018,1:23 PM,T6,Scylla_serrata,F,167,na,2.2,1.0,Keep,No,na,
29-Mar-2018,3:30 PM,30-Mar-2018,1:23 PM,T6,Scylla_serrata,M,167,na,2.0,0.9,Keep,No,na,
29-Mar-2018,3:30 PM,30-Mar-2018,1:23 PM,T6,Scylla_serrata,M,149,na,1.8,0.8,Keep,No,na,
29-Mar-2018,3:30 PM,30-Mar-2018,1:23 PM,T6,Scylla_serrata,F,153,na,1.3,0.6,Release,New,Y0035,
29-Mar-2018,3:30 PM,30-Mar-2018,1:23 PM,T6,Scylla_serrata,M,169,na,2.5,1.1,Keep,No,na,
29-Mar-2018,3:30 PM,30-Mar-2018,1:23 PM,T6,Scylla_serrata,F,159,na,1.6,0.7,Release,New,Y0036,
29-Mar-2018,3:30 PM,30-Mar-2018,1:23 PM,T6,Scylla_serrata,M,166,na,2.5,1.1,Keep,No,na,
29-Mar-2018,3:30 PM,30-Mar-2018,1:23 PM,T4,Scylla_serrata,M,150,na,2.0,0.9,Keep,No,na,
29-Mar-2018,3:30 PM,30-Mar-2018,1:23 PM,T4,Scylla_serrata,M,160,na,2.5,1.1,Keep,No,na,
29-Mar-2018,3:30 PM,30-Mar-2018,1:23 PM,T4,Scylla_serrata,M,162,na,2.5,1.1,Keep,No,na,
29-Mar-2018,3:30 PM,30-Mar-2018,1:23 PM,T4,Scylla_serrata,M,156,na,2.2,1.0,Keep,No,na,
5-Apr-2018,8:00 AM,6-Apr-2018,7:56 AM,T3,Scylla_serrata,F,159,na,1.4,0.6,Release,No,na,
5-Apr-2018,8:00 AM,6-Apr-2018,7:56 AM,T3,Scylla_serrata,M,160,na,2.3,1.0,Keep,No,na,
5-Apr-2018,8:00 AM,6-Apr-2018,7:56 AM,T3,Scylla_serrata,M,151,na,1.9,0.9,Keep,No,na,
5-Apr-2018,8:00 AM,6-Apr-2018,7:56 AM,T3,Scylla_serrata,M,153,na,2.1,1.0,Keep,No,na,
5-Apr-2018,8:00 AM,6-Apr-2018,7:56 AM,T3,Scylla_serrata,M,180,na,3.6,1.6,Keep,No,na,
5-Apr-2018,8:00 AM,6-Apr-2018,7:56 AM,T3,Scylla_serrata,M,176,na,2.8,1.3,Keep,No,na,
5-Apr-2018,8:00 AM,6-Apr-2018,7:56 AM,T3,Scylla_serrata,M,156,na,2.3,1.0,Keep,No,na,
5-Apr-2018,8:00 AM,6-Apr-2018,7:56 AM,T3,Scylla_serrata,M,175,na,3.0,1.4,Keep,No,na,
5-Apr-2018,8:00 AM,6-Apr-2018,7:56 AM,T3,Scylla_serrata,M,165,na,2.4,1.1,Keep,No,na,
5-Apr-2018,8:00 AM,6-Apr-2018,7:56 AM,T7,Scylla_serrata,M,162,na,2.2,1.0,Keep,No,na,
5-Apr-2018,8:00 AM,6-Apr-2018,7:56 AM,T7,Scylla_serrata,F,96,na,0.4,0.2,Release,No,na,
5-Apr-2018,8:00 AM,6-Apr-2018,7:56 AM,T1,Scylla_serrata,M,159,na,2.5,1.1,Keep,No,na,
5-Apr-2018,8:00 AM,6-Apr-2018,7:56 AM,T1,Scylla_serrata,M,172,na,3.2,1.5,Keep,No,na,
5-Apr-2018,8:00 AM,6-Apr-2018,7:56 AM,T1,Scylla_serrata,M,157,na,1.8,0.8,Keep,No,na,"Miss L1, L2"
5-Apr-2018,8:00 AM,6-Apr-2018,7:56 AM,T1,Scylla_serrata,M,146,na,1.4,0.6,Release,No,na,
5-Apr-2018,8:00 AM,6-Apr-2018,7:56 AM,T1,Scylla_serrata,M,164,na,2.8,1.3,Keep,No,na,
5-Apr-2018,8:00 AM,6-Apr-2018,7:56 AM,T1,Scylla_serrata,M,158,na,2.1,1.0,Keep,No,na,Miss R3
5-Apr-2018,8:00 AM,6-Apr-2018,7:56 AM,T1,Scylla_serrata,M,175,na,3.5,1.6,Keep,No,na,
5-Apr-2018,8:00 AM,6-Apr-2018,7:56 AM,T1,Scylla_serrata,M,122,na,0.7,0.3,Release,No,na,Miss L claw
5-Apr-2018,8:00 AM,6-Apr-2018,7:56 AM,T2,Scylla_serrata,M,169,na,3.0,1.4,Keep,No,na,Miss L5
5-Apr-2018,8:00 AM,6-Apr-2018,7:56 AM,T2,Scylla_serrata,M,159,na,2.4,1.1,Keep,No,na,Miss R3
5-Apr-2018,8:00 AM,6-Apr-2018,7:56 AM,T2,Scylla_serrata,M,146,na,2.2,1.0,Keep,No,na,
5-Apr-2018,8:00 AM,6-Apr-2018,7:56 AM,T2,Scylla_serrata,F,126,na,0.8,0.4,Release,No,na,
5-Apr-2018,8:00 AM,6-Apr-2018,7:56 AM,T2,Scylla_serrata,M,171,na,3.2,1.5,Keep,No,na,
5-Apr-2018,8:00 AM,6-Apr-2018,7:56 AM,T2,Scylla_serrata,M,151,na,1.4,0.6,Release,No,na,Miss R claw
5-Apr-2018,8:00 AM,6-Apr-2018,7:56 AM,T6,Scylla_serrata,M,153,na,1.8,0.8,Release,No,na,"Miss L2, L3, R3"
5-Apr-2018,8:00 AM,6-Apr-2018,7:56 AM,T6,Scylla_serrata,M,159,na,1.5,0.7,Release,No,na,"Miss L1-5, R2"
5-Apr-2018,8:00 AM,6-Apr-2018,7:56 AM,T6,Scylla_serrata,M,119,na,0.8,0.4,Release,No,na,
5-Apr-2018,8:00 AM,6-Apr-2018,7:56 AM,T6,Scylla_serrata,M,135,na,0.8,0.4,Release,No,na,"Miss R1-4, L1, L4"
5-Apr-2018,8:00 AM,6-Apr-2018,7:56 AM,T6,Scylla_serrata,M,136,na,0.9,0.4,Release,No,na,Miss L5
5-Apr-2018,8:00 AM,6-Apr-2018,7:56 AM,T6,Scylla_serrata,M,168,na,2.6,1.2,Keep,No,na,"Miss R2, L2, L3"
5-Apr-2018,8:00 AM,6-Apr-2018,7:56 AM,T4,Scylla_serrata,M,190,na,4.0,1.8,Keep,No,na,Miss R2
5-Apr-2018,8:00 AM,6-Apr-2018,7:56 AM,T4,Scylla_serrata,M,162,na,2.8,1.3,Keep,No,na,
5-Apr-2018,8:00 AM,6-Apr-2018,7:56 AM,T4,Scylla_serrata,F,148,na,1.1,0.5,Release,No,na,Miss R claw
5-Apr-2018,8:00 AM,6-Apr-2018,7:56 AM,T4,Scylla_serrata,M,173,na,3.0,1.4,Keep,No,na,
5-Apr-2018,8:00 AM,6-Apr-2018,7:56 AM,T5,Scylla_serrata,M,164,na,2.6,1.2,Keep,No,na,
5-Apr-2018,8:00 AM,6-Apr-2018,7:56 AM,T5,Scylla_serrata,M,170,na,2.8,1.3,Keep,No,na,
5-Apr-2018,8:00 AM,6-Apr-2018,7:56 AM,T5,Scylla_serrata,M,105,na,0.5,0.2,Release,No,na,
11-Apr-2018,9:30 AM,12-Apr-2018,11:31 AM,T5,Scylla_serrata,M,173,na,2.9,1.3,Keep,No,na,
11-Apr-2018,9:30 AM,12-Apr-2018,11:31 AM,T5,Scylla_serrata,M,166,na,2.7,1.2,Keep,No,na,
11-Apr-2018,9:30 AM,12-Apr-2018,11:31 AM,T5,Scylla_serrata,M,123,na,0.5,0.2,Release,New,Y0037,
11-Apr-2018,9:30 AM,12-Apr-2018,11:31 AM,T4,Scylla_serrata,M,166,na,3.0,1.4,Keep,No,na,
11-Apr-2018,9:30 AM,12-Apr-2018,11:31 AM,T4,Scylla_serrata,F,175,na,2.1,1.0,Keep,No,na,Miss L3
11-Apr-2018,9:30 AM,12-Apr-2018,11:31 AM,T4,Scylla_serrata,M,182,na,4.0,1.8,Keep,No,na,
11-Apr-2018,9:30 AM,12-Apr-2018,11:31 AM,T4,Scylla_serrata,F,170,na,1.5,0.7,Release,New,Y0039,Miss R claw
11-Apr-2018,9:30 AM,12-Apr-2018,11:31 AM,T4,Scylla_serrata,F,182,na,2.3,1.0,Keep,No,na,
11-Apr-2018,9:30 AM,12-Apr-2018,11:31 AM,T4,Scylla_serrata,F,147,na,0.9,0.4,Release,New,Y0040,"Miss claws, L3, L4"
11-Apr-2018,9:30 AM,12-Apr-2018,11:31 AM,T4,Scylla_serrata,F,180,na,2.1,1.0,Keep,No,na,
11-Apr-2018,9:30 AM,12-Apr-2018,11:31 AM,T4,Scylla_serrata,F,171,na,1.8,0.8,Release,New,Y0041,"Miss R claw, R4"
11-Apr-2018,9:30 AM,12-Apr-2018,11:31 AM,T6,Scylla_serrata,M,173,na,2.7,1.2,Keep,No,na,"Miss R swim, R4"
11-Apr-2018,9:30 AM,12-Apr-2018,11:31 AM,T6,Scylla_serrata,M,165,na,2.7,1.2,Keep,No,na,
11-Apr-2018,9:30 AM,12-Apr-2018,11:31 AM,T6,Scylla_serrata,M,162,na,2.6,1.2,Keep,No,na,
11-Apr-2018,9:30 AM,12-Apr-2018,11:31 AM,T6,Scylla_serrata,F,158,na,1.4,0.6,Release,New,Y0042,
11-Apr-2018,9:30 AM,12-Apr-2018,11:31 AM,T6,Scylla_serrata,F,162,na,1.6,0.7,Release,New,Y0043,
11-Apr-2018,9:30 AM,12-Apr-2018,11:31 AM,T6,Scylla_serrata,M,163,na,2.6,1.2,Keep,No,na,Miss R2
11-Apr-2018,9:30 AM,12-Apr-2018,11:31 AM,T6,Scylla_serrata,F,170,na,2.0,0.9,Release,New,Y0044,
11-Apr-2018,9:30 AM,12-Apr-2018,11:31 AM,T6,Scylla_serrata,F,182,na,2.5,1.1,Keep,No,na,
11-Apr-2018,9:30 AM,12-Apr-2018,11:31 AM,T6,Scylla_serrata,M,168,na,2.8,1.3,Keep,No,na,
11-Apr-2018,9:30 AM,12-Apr-2018,11:31 AM,T7,Scylla_serrata,F,162,na,1.7,0.8,Release,New,Y0045,
11-Apr-2018,9:30 AM,12-Apr-2018,11:31 AM,T7,Scylla_serrata,F,166,na,1.8,0.8,Release,New,Y0046,
11-Apr-2018,9:30 AM,12-Apr-2018,11:31 AM,T7,Scylla_serrata,M,164,na,2.5,1.1,Keep,No,na,
11-Apr-2018,9:30 AM,12-Apr-2018,11:31 AM,T7,Scylla_serrata,M,150,na,1.1,0.5,Release,Yes,Y0003,"Regrowing L claw, L2, L3; might have noted wrong claw missing in previous data"
11-Apr-2018,9:30 AM,12-Apr-2018,11:31 AM,T7,Scylla_serrata,FJ,122,na,0.7,0.3,Release,New,Y0047,"Regrowing R3, R4; Tiny; dropped L claw"
11-Apr-2018,9:30 AM,12-Apr-2018,11:31 AM,T3,Scylla_serrata,M,158,na,2.1,1.0,Keep,No,na,
11-Apr-2018,9:30 AM,12-Apr-2018,11:31 AM,T3,Scylla_serrata,M,137,na,0.9,0.4,Release,New,Y0048,Miss R claw
11-Apr-2018,9:30 AM,12-Apr-2018,11:31 AM,T3,Scylla_serrata,M,167,na,2.9,1.3,Keep,No,na,Carapace hole
11-Apr-2018,9:30 AM,12-Apr-2018,11:31 AM,T3,Scylla_serrata,M,147,na,1.5,0.7,Release,New,Y0049,
11-Apr-2018,9:30 AM,12-Apr-2018,11:31 AM,T1,Scylla_serrata,M,169,na,2.8,1.3,Keep,No,na,"Miss L swim, carapace hole"
11-Apr-2018,9:30 AM,12-Apr-2018,11:31 AM,T1,Scylla_serrata,M,162,na,2.6,1.2,Keep,No,na,
11-Apr-2018,9:30 AM,12-Apr-2018,11:31 AM,T1,Scylla_serrata,M,167,na,2.6,1.2,Keep,No,na,
11-Apr-2018,9:30 AM,12-Apr-2018,11:31 AM,T1,Scylla_serrata,M,153,na,2.2,1.0,Release,New,Y0050,Barnacle on L claw
11-Apr-2018,9:30 AM,12-Apr-2018,11:31 AM,T2,Scylla_serrata,M,176,na,3.1,1.4,Keep,No,na,
11-Apr-2018,9:30 AM,12-Apr-2018,11:31 AM,T2,Scylla_serrata,M,173,na,2.9,1.3,Keep,No,na,
11-Apr-2018,9:30 AM,12-Apr-2018,11:31 AM,T2,Scylla_serrata,M,179,na,3.0,1.4,Keep,No,na,Miss R3
11-Apr-2018,9:30 AM,12-Apr-2018,11:31 AM,T2,Scylla_serrata,M,182,na,3.7,1.7,Keep,No,na,Lots of barncles all over
10-Sep-2018,1:00 PM,11-Sep-2018,1:48 PM,T4,Scylla_serrata,M,150,na,1.7,0.8,Keep,No,na,
10-Sep-2018,1:00 PM,11-Sep-2018,1:48 PM,T4,Scylla_serrata,M,175,na,3.4,1.5,Keep,No,na,
10-Sep-2018,1:00 PM,11-Sep-2018,1:48 PM,T4,Scylla_serrata,F,172,na,2.0,0.9,Keep,No,na,
10-Sep-2018,1:00 PM,11-Sep-2018,1:48 PM,T7,Scylla_serrata,M,165,na,2.7,1.2,Keep,No,na,
10-Sep-2018,1:00 PM,11-Sep-2018,1:48 PM,T7,Scylla_serrata,M,176,na,3.2,1.5,Keep,No,na,
10-Sep-2018,1:00 PM,11-Sep-2018,1:48 PM,T7,Scylla_serrata,M,175,na,2.8,1.3,Keep,No,na,
10-Sep-2018,1:00 PM,11-Sep-2018,1:48 PM,T6,Scylla_serrata,M,182,na,3.7,1.7,Keep,No,na,
10-Sep-2018,1:00 PM,11-Sep-2018,1:48 PM,T2,Scylla_serrata,M,182,na,3.6,1.6,Keep,No,na,
10-Sep-2018,1:00 PM,11-Sep-2018,1:48 PM,T2,Scylla_serrata,M,192,na,3.7,1.7,Keep,No,na,
10-Sep-2018,1:00 PM,11-Sep-2018,1:48 PM,T5,Scylla_serrata,M,183,na,3.5,1.6,Keep,No,na,Hole in carapace
10-Sep-2018,1:00 PM,11-Sep-2018,1:48 PM,T5,Scylla_serrata,M,181,na,3.3,1.5,Keep,No,na,Miss L swim
10-Sep-2018,1:00 PM,11-Sep-2018,1:48 PM,T5,Scylla_serrata,M,165,na,2.9,1.3,Keep,No,na,
10-Sep-2018,1:00 PM,11-Sep-2018,1:48 PM,T5,Scylla_serrata,M,148,na,1.5,0.7,Release,New,Y0031,Miss top R claw
10-Sep-2018,1:00 PM,11-Sep-2018,1:48 PM,T5,Scylla_serrata,na,na,na,na,na,Dead,na,na,
10-Sep-2018,1:00 PM,11-Sep-2018,1:48 PM,T3,Scylla_serrata,M,139,na,1.2,0.5,Release,New,Y0032,
10-Sep-2018,1:00 PM,11-Sep-2018,1:48 PM,T3,Scylla_serrata,M,170,na,2.7,1.2,Keep,No,na,
10-Sep-2018,1:00 PM,11-Sep-2018,1:48 PM,T3,Scylla_serrata,M,175,na,2.0,0.9,Keep,No,na,"Miss R claw, hole in carap"
10-Sep-2018,1:00 PM,11-Sep-2018,1:48 PM,T3,Scylla_serrata,M,165,na,2.0,0.9,Keep,No,na,
10-Sep-2018,1:00 PM,11-Sep-2018,1:48 PM,T3,Scylla_serrata,M,140,na,1.4,0.6,Keep,No,na,
10-Sep-2018,1:00 PM,11-Sep-2018,1:48 PM,T1,Scylla_serrata,M,175,na,2.8,1.3,Keep,No,na,
10-Sep-2018,1:00 PM,11-Sep-2018,1:48 PM,T1,Scylla_serrata,M,184,na,3.6,1.6,Keep,No,na,Miss R swimmer
10-Sep-2018,1:00 PM,11-Sep-2018,1:48 PM,T1,Scylla_serrata,M,177,na,3.1,1.4,Keep,No,na,Miss R4
10-Sep-2018,1:00 PM,11-Sep-2018,1:48 PM,T1,Scylla_serrata,M,165,na,3.7,1.7,Keep,No,na,
10-Sep-2018,1:00 PM,11-Sep-2018,1:48 PM,T1,Scylla_serrata,M,189,na,3.7,1.7,Keep,No,na,Miss L2
10-Sep-2018,1:00 PM,11-Sep-2018,1:48 PM,T1,Scylla_serrata,M,175,na,3.3,1.5,Keep,No,na,
24-Sep-2018,1:00 PM,25-Sep-2018,2:05 PM,T2,Scylla_serrata,M,108,na,0.5,0.2,Release,New,Y0020,
24-Sep-2018,1:00 PM,25-Sep-2018,2:05 PM,T3,Scylla_serrata,F,143,na,1.4,0.6,Release,New,Y0018,
24-Sep-2018,1:00 PM,25-Sep-2018,2:05 PM,T3,Scylla_serrata,F,138,na,1.0,0.5,Release,New,Y0027,Miss R swim
24-Sep-2018,1:00 PM,25-Sep-2018,2:05 PM,T3,Scylla_serrata,M,182,na,3.9,1.8,Keep,No,na,
24-Sep-2018,1:00 PM,25-Sep-2018,2:05 PM,T3,Scylla_serrata,F,118,na,0.7,0.3,Release,New,Y0011,
24-Sep-2018,1:00 PM,25-Sep-2018,2:05 PM,T1,Scylla_serrata,F,170,na,2.0,0.9,Keep,No,na,
24-Sep-2018,1:00 PM,25-Sep-2018,2:05 PM,T1,Scylla_serrata,M,176,na,3.1,1.4,Keep,No,na,
24-Sep-2018,1:00 PM,25-Sep-2018,2:05 PM,T4,Scylla_serrata,M,182,na,3.9,1.8,Keep,No,na,
24-Sep-2018,1:00 PM,25-Sep-2018,2:05 PM,T4,Scylla_serrata,M,181,na,3.8,1.7,Keep,No,na,
24-Sep-2018,1:00 PM,25-Sep-2018,2:05 PM,T6,Scylla_serrata,M,168,na,2.9,1.3,Keep,No,na,
24-Sep-2018,1:00 PM,25-Sep-2018,2:05 PM,T6,Scylla_serrata,M,169,na,3.0,1.4,Keep,No,na,
24-Sep-2018,1:00 PM,25-Sep-2018,2:05 PM,T6,Scylla_serrata,M,187,na,4.2,1.9,Keep,No,na,
24-Sep-2018,1:00 PM,25-Sep-2018,2:05 PM,T6,Scylla_serrata,M,195,na,3.9,1.8,Keep,No,na,"Miss R3, miss R top claw"
24-Sep-2018,1:00 PM,25-Sep-2018,2:05 PM,T6,Scylla_serrata,M,182,na,3.4,1.5,Keep,No,na,
10-Oct-2018,9:30 AM,11-Oct-2018,8:33 AM,T1,Scylla_serrata,M,192,na,3.8,1.7,Keep,No,na,
10-Oct-2018,9:30 AM,11-Oct-2018,8:33 AM,T1,Scylla_serrata,M,175,na,2.8,1.3,Keep,No,na,Miss R swim
10-Oct-2018,9:30 AM,11-Oct-2018,8:33 AM,T1,Scylla_serrata,M,183,na,3.5,1.6,Keep,No,na,
10-Oct-2018,9:30 AM,11-Oct-2018,8:33 AM,T3,Scylla_serrata,M,175,na,2.9,1.3,Keep,No,na,
10-Oct-2018,9:30 AM,11-Oct-2018,8:33 AM,T3,Scylla_serrata,M,172,na,2.8,1.3,Keep,No,na,
10-Oct-2018,9:30 AM,11-Oct-2018,8:33 AM,T5,Scylla_serrata,M,199,na,4.0,1.8,Keep,No,na,
10-Oct-2018,9:30 AM,11-Oct-2018,8:33 AM,T5,Scylla_serrata,M,174,na,3.3,1.5,Keep,No,na,
10-Oct-2018,9:30 AM,11-Oct-2018,8:33 AM,T5,Scylla_serrata,F,141,na,1.1,0.5,Release,New,Y0028,Miss L swim
10-Oct-2018,9:30 AM,11-Oct-2018,8:33 AM,T5,Scylla_serrata,M,154,na,3.2,1.5,Keep,No,na,
10-Oct-2018,9:30 AM,11-Oct-2018,8:33 AM,T2,Scylla_serrata,M,187,na,3.3,1.5,Keep,No,na,
10-Oct-2018,9:30 AM,11-Oct-2018,8:33 AM,T7,Scylla_serrata,M,169,na,2.9,1.3,Keep,No,na,
10-Oct-2018,9:30 AM,11-Oct-2018,8:33 AM,T7,Scylla_serrata,M,170,na,2.9,1.3,Keep,No,na,
10-Oct-2018,9:30 AM,11-Oct-2018,8:33 AM,T7,Scylla_serrata,M,170,na,2.2,1.0,Keep,No,na,
10-Oct-2018,9:30 AM,11-Oct-2018,8:33 AM,T7,Scylla_serrata,F,133,na,1.0,0.5,Release,New,Y0013,
10-Oct-2018,9:30 AM,11-Oct-2018,8:33 AM,T7,Scylla_serrata,na,160,na,2.0,0.9,Release,New,Y0100,
10-Oct-2018,9:30 AM,11-Oct-2018,8:33 AM,T7,Scylla_serrata,F,130,na,0.9,0.4,Release,New,Y0099,
10-Oct-2018,9:30 AM,11-Oct-2018,8:33 AM,T7,Scylla_serrata,F,125,na,0.8,0.3,Release,New,Y0098,Miss L F claw
10-Oct-2018,9:30 AM,11-Oct-2018,8:33 AM,T7,Scylla_serrata,F,128,na,0.9,0.4,Release,New,Y0096,
10-Oct-2018,9:30 AM,11-Oct-2018,8:33 AM,T4,Scylla_serrata,M,180,na,3.8,1.7,Keep,No,na,
10-Oct-2018,9:30 AM,11-Oct-2018,8:33 AM,T4,Scylla_serrata,M,128,na,0.8,0.4,Release,New,Y0097,Miss R F
10-Oct-2018,9:30 AM,11-Oct-2018,8:33 AM,T4,Scylla_serrata,M,179,na,3.7,1.7,Keep,No,na,
10-Oct-2018,9:30 AM,11-Oct-2018,8:33 AM,T4,Scylla_serrata,M,168,na,2.6,1.2,Keep,NO,na,
10-Oct-2018,9:30 AM,11-Oct-2018,8:33 AM,T6,Scylla_serrata,M,188,na,2.9,1.3,Keep,No,na,Miss R F
10-Oct-2018,9:30 AM,11-Oct-2018,8:33 AM,T6,Scylla_serrata,M,152,na,1.1,0.5,Release,New,Y0095,Miss R/L claw
10-Oct-2018,9:30 AM,11-Oct-2018,8:33 AM,T6,Scylla_serrata,M,170,na,3.0,1.4,Keep,No,na,
10-Oct-2018,9:30 AM,11-Oct-2018,8:33 AM,T6,Scylla_serrata,F,120,na,0.6,0.3,Release,New,Y0094,
25-Oct-2018,1:00 PM,26-Oct-2018,12:46 PM,T3,Scylla_serrata,M,185,na,3.7,1.7,Keep,No,na,
25-Oct-2018,1:00 PM,26-Oct-2018,12:46 PM,T3,Scylla_serrata,F,120,na,0.5,0.2,Release,No,na,"Miss Rt legs, Lclaw, L2; too damaged to tag"
25-Oct-2018,1:00 PM,26-Oct-2018,12:46 PM,T5,Scylla_serrata,F,172,na,1.9,0.9,Keep,No,na,
25-Oct-2018,1:00 PM,26-Oct-2018,12:46 PM,T5,Scylla_serrata,F,137,na,1.1,0.5,Release,New,Y0093,algae
25-Oct-2018,1:00 PM,26-Oct-2018,12:46 PM,T5,Scylla_serrata,M,178,na,4.0,1.8,Keep,No,na,
25-Oct-2018,1:00 PM,26-Oct-2018,12:46 PM,T5,Scylla_serrata,na,na,na,na,na,Dead,na,na,
25-Oct-2018,1:00 PM,26-Oct-2018,12:46 PM,T7,Scylla_serrata,M,171,na,2.5,1.1,Keep,No,na,Miss L claw
25-Oct-2018,1:00 PM,26-Oct-2018,12:46 PM,T7,Scylla_serrata,M,181,na,3.8,1.7,Keep,No,na,Miss top L claw
25-Oct-2018,1:00 PM,26-Oct-2018,12:46 PM,T7,Scylla_serrata,M,177,na,3.3,1.5,Keep,No,na,
25-Oct-2018,1:00 PM,26-Oct-2018,12:46 PM,T4,Scylla_serrata,M,164,na,2.6,1.2,Keep,No,na,
25-Oct-2018,1:00 PM,26-Oct-2018,12:46 PM,T4,Scylla_serrata,M,190,na,3.8,1.7,Keep,No,na,
25-Oct-2018,1:00 PM,26-Oct-2018,12:46 PM,T1,Scylla_serrata,F,152,na,1.1,0.5,Release,New,Y0012,Miss R claw
25-Oct-2018,1:00 PM,26-Oct-2018,12:46 PM,T1,Scylla_serrata,M,125,na,0.9,0.4,Release,New,Y0090,
25-Oct-2018,1:00 PM,26-Oct-2018,12:46 PM,T6,Scylla_serrata,M,179,na,3.2,1.5,Keep,No,na,
25-Oct-2018,1:00 PM,26-Oct-2018,12:46 PM,T6,Scylla_serrata,M,178,na,2.6,1.2,Keep,No,na,
25-Oct-2018,1:00 PM,26-Oct-2018,12:46 PM,T6,Scylla_serrata,M,177,na,2.2,1.0,Keep,No,na,
25-Oct-2018,1:00 PM,26-Oct-2018,12:46 PM,T6,Scylla_serrata,M,175,na,2.9,1.3,Keep,No,na,
25-Oct-2018,1:00 PM,26-Oct-2018,12:46 PM,T6,Scylla_serrata,M,197,na,3.8,1.7,Keep,No,na,Miss L swim
25-Oct-2018,1:00 PM,26-Oct-2018,12:46 PM,T6,Scylla_serrata,M,174,na,3.2,1.5,Keep,No,na,
8-Nov-2018,8:30 AM,9-Nov-2018,1:20 PM,T7,Scylla_serrata,M,173,na,3.0,1.4,Keep,No,na,
8-Nov-2018,8:30 AM,9-Nov-2018,1:20 PM,T7,Scylla_serrata,M,187,na,3.0,1.4,Keep,No,na,Miss L claw
8-Nov-2018,8:30 AM,9-Nov-2018,1:20 PM,T7,Scylla_serrata,M,135,na,1.1,0.5,Release,New,Y0088,
8-Nov-2018,8:30 AM,9-Nov-2018,1:20 PM,T7,Scylla_serrata,F,130,na,0.9,0.4,Release,New,Y0086,
8-Nov-2018,8:30 AM,9-Nov-2018,1:20 PM,T7,Scylla_serrata,M,172,na,2.8,1.3,Keep,No,na,Miss top R claw
8-Nov-2018,8:30 AM,9-Nov-2018,1:20 PM,T7,Scylla_serrata,M,177,na,3.2,1.5,Keep,No,na,
8-Nov-2018,8:30 AM,9-Nov-2018,1:20 PM,T3,Scylla_serrata,M,183,na,3.7,1.7,Keep,No,na,
8-Nov-2018,8:30 AM,9-Nov-2018,1:20 PM,T3,Scylla_serrata,M,177,na,3.8,1.7,Keep,No,na,
8-Nov-2018,8:30 AM,9-Nov-2018,1:20 PM,T3,Scylla_serrata,F,153,na,1.4,0.6,Release,New,Y0085,
8-Nov-2018,8:30 AM,9-Nov-2018,1:20 PM,T4,Scylla_serrata,M,177,na,2.4,1.1,Keep,No,na,"Miss L claw, L4, R swim"
8-Nov-2018,8:30 AM,9-Nov-2018,1:20 PM,T4,Scylla_serrata,M,177,na,3.4,1.5,Keep,No,na,
8-Nov-2018,8:30 AM,9-Nov-2018,1:20 PM,T4,Scylla_serrata,M,173,na,3.4,1.5,Keep,No,na,
8-Nov-2018,8:30 AM,9-Nov-2018,1:20 PM,T4,Scylla_serrata,M,185,na,3.7,1.7,Keep,No,na,
8-Nov-2018,8:30 AM,9-Nov-2018,1:20 PM,T2,Scylla_serrata,M,170,na,2.7,1.2,Keep,No,na,
8-Nov-2018,8:30 AM,9-Nov-2018,1:20 PM,T2,Scylla_serrata,M,169,na,2.8,1.3,Keep,No,na,
8-Nov-2018,8:30 AM,9-Nov-2018,1:20 PM,T2,Scylla_serrata,M,175,na,3.0,1.4,Keep,No,na,
8-Nov-2018,8:30 AM,9-Nov-2018,1:20 PM,T2,Scylla_serrata,M,173,na,2.8,1.3,Keep,No,na,
8-Nov-2018,8:30 AM,9-Nov-2018,1:20 PM,T2,Scylla_serrata,M,179,na,3.7,1.7,Keep,No,na,
8-Nov-2018,8:30 AM,9-Nov-2018,1:20 PM,T6,Scylla_serrata,M,124,na,0.9,0.4,Release,New,Y0084,
8-Nov-2018,8:30 AM,9-Nov-2018,1:20 PM,T6,Scylla_serrata,M,180,na,3.1,1.4,Keep,No,na,
8-Nov-2018,8:30 AM,9-Nov-2018,1:20 PM,T6,Scylla_serrata,M,177,na,3.5,1.6,Keep,No,na,
8-Nov-2018,8:30 AM,9-Nov-2018,1:20 PM,T1,Scylla_serrata,M,144,na,1.4,0.6,Release,New,Y0083,
8-Nov-2018,8:30 AM,9-Nov-2018,1:20 PM,T1,Scylla_serrata,M,174,na,2.8,1.3,Keep,No,na,
8-Nov-2018,8:30 AM,9-Nov-2018,1:20 PM,T1,Scylla_serrata,M,188,na,2.9,1.3,Keep,No,na,Miss R claw
8-Nov-2018,8:30 AM,9-Nov-2018,1:20 PM,T1,Scylla_serrata,M,144,na,1.4,0.6,Release,New,Y0082,
8-Nov-2018,8:30 AM,9-Nov-2018,1:20 PM,T5,Scylla_serrata,M,185,na,3.8,1.7,Keep,No,na,
8-Nov-2018,8:30 AM,9-Nov-2018,1:20 PM,T5,Scylla_serrata,M,180,na,3.6,1.6,Keep,No,na,
19-Nov-2018,11:30 AM,20-Nov-2018,12:14 AM,T5,Scylla_serrata,M,176,na,3.2,1.5,Keep,No,na,"Miss both swim, R2,3, L4. Keep but need 8 more, hole in carapace"
19-Nov-2018,11:30 AM,20-Nov-2018,12:14 AM,T5,Scylla_serrata,M,172,na,2.8,1.3,Keep,No,na,
19-Nov-2018,11:30 AM,20-Nov-2018,12:14 AM,T5,Scylla_serrata,M,175,na,3.3,1.5,Keep,No,na,
19-Nov-2018,11:30 AM,20-Nov-2018,12:14 AM,T5,Scylla_serrata,M,180,na,3.8,1.7,Keep,No,na,
19-Nov-2018,11:30 AM,20-Nov-2018,12:14 AM,T5,Scylla_serrata,M,180,na,3.6,1.6,Keep,No,na,
19-Nov-2018,11:30 AM,20-Nov-2018,12:14 AM,T5,Scylla_serrata,M,180,na,3.2,1.5,Keep,No,na,
19-Nov-2018,11:30 AM,20-Nov-2018,12:14 AM,T7,Scylla_serrata,M,175,na,3.3,1.5,Keep,No,na,
19-Nov-2018,11:30 AM,20-Nov-2018,12:14 AM,T3,Scylla_serrata,M,173,na,3.0,1.4,Keep,No,na,
19-Nov-2018,11:30 AM,20-Nov-2018,12:14 AM,T3,Scylla_serrata,M,145,na,1.2,0.5,Release,Yes,Y0082,
19-Nov-2018,11:30 AM,20-Nov-2018,12:14 AM,T3,Scylla_serrata,M,150,na,1.7,0.8,Release,New,Y0089,
19-Nov-2018,11:30 AM,20-Nov-2018,12:14 AM,T3,Scylla_serrata,M,134,na,1.0,0.5,Release,New,Y0081,
19-Nov-2018,11:30 AM,20-Nov-2018,12:14 AM,T3,Scylla_serrata,M,177,na,3.2,1.5,Keep,No,na,
19-Nov-2018,11:30 AM,20-Nov-2018,12:14 AM,T3,Scylla_serrata,F,136,na,1.2,0.5,Release,New,Y0078,
19-Nov-2018,11:30 AM,20-Nov-2018,12:14 AM,T3,Scylla_serrata,F,128,na,0.9,0.4,Release,New,Y0077,
19-Nov-2018,11:30 AM,20-Nov-2018,12:14 AM,T3,Scylla_serrata,M,124,na,0.7,0.3,Release,New,Y0075,
19-Nov-2018,11:30 AM,20-Nov-2018,12:14 AM,T6,Scylla_serrata,M,130,na,1.0,0.5,Release,New,Y0074,
19-Nov-2018,11:30 AM,20-Nov-2018,12:14 AM,T6,Scylla_serrata,M,169,na,2.3,1.0,Release,New,Y0072,
19-Nov-2018,11:30 AM,20-Nov-2018,12:14 AM,T6,Scylla_serrata,M,179,na,3.0,1.4,Release,New,Y0071,
19-Nov-2018,11:30 AM,20-Nov-2018,12:14 AM,T6,Scylla_serrata,M,175,na,3.0,1.4,Release,New,Y0070,
19-Nov-2018,11:30 AM,20-Nov-2018,12:14 AM,T1,Scylla_serrata,M,174,na,3.0,1.4,Release,New,Y0069,
6-Dec-2018,,7-Dec-2018,8:57 AM,T5,Scylla_serrata,M,189,na,3.9,1.8,Keep,No,No,
6-Dec-2018,,7-Dec-2018,8:57 AM,T5,Scylla_serrata,M,171,na,3.1,1.4,Keep,No,No,
6-Dec-2018,,7-Dec-2018,8:57 AM,T5,Scylla_serrata,M,160,na,2.6,1.2,Keep,No,No,
6-Dec-2018,,7-Dec-2018,8:57 AM,T1,Scylla_serrata,M,185,na,3.1,1.4,Keep,No,No,
6-Dec-2018,,7-Dec-2018,8:57 AM,T1,Scylla_serrata,M,178,na,3.6,1.6,Keep,No,No,
6-Dec-2018,,7-Dec-2018,8:57 AM,T1,Scylla_serrata,M,183,na,3.8,1.7,Keep,No,No,
6-Dec-2018,,7-Dec-2018,8:57 AM,T7,Scylla_serrata,M,181,na,3.7,1.7,Keep,No,No,
6-Dec-2018,,7-Dec-2018,8:57 AM,T7,Scylla_serrata,M,181,na,3.7,1.7,Keep,No,No,
6-Dec-2018,,7-Dec-2018,8:57 AM,T7,Scylla_serrata,M,184,na,3.8,1.7,Keep,No,No,
6-Dec-2018,,7-Dec-2018,8:57 AM,T3,Scylla_serrata,F,163,na,1.7,0.8,Keep,No,No,
6-Dec-2018,,7-Dec-2018,8:57 AM,T3,Scylla_serrata,M,167,na,3.0,1.4,Keep,No,No,
6-Dec-2018,,7-Dec-2018,8:57 AM,T2,Scylla_serrata,M,95,na,0.3,0.1,Release,New,Y0054,Miss L claw
6-Dec-2018,,7-Dec-2018,8:57 AM,T2,Scylla_serrata,M,162,na,2.4,1.1,Keep,No,No,
6-Dec-2018,,7-Dec-2018,8:57 AM,T6,Scylla_serrata,F,125,na,0.8,0.4,Release,New,Y0055,"Miss L4, R3"
6-Dec-2018,,7-Dec-2018,8:57 AM,T6,Scylla_serrata,M,173,na,3.0,1.4,Release,Yes,Y0070,"Miss L3, L4"
6-Dec-2018,,7-Dec-2018,8:57 AM,T6,Scylla_serrata,M,178,na,3.2,1.5,Keep,No,No,"Claw puka, miss L4"
6-Dec-2018,,7-Dec-2018,8:57 AM,T4,Scylla_serrata,M,182,na,3.8,1.7,Keep,No,No,
6-Dec-2018,,7-Dec-2018,8:57 AM,T4,Scylla_serrata,M,178,na,3.2,1.5,Keep,No,No,
6-Dec-2018,,7-Dec-2018,8:57 AM,T4,Scylla_serrata,M,184,na,3.8,1.7,Keep,No,No,
6-Dec-2018,,7-Dec-2018,8:57 AM,T4,Scylla_serrata,M,167,na,2.6,1.2,Keep,No,No,
6-Dec-2018,,7-Dec-2018,8:57 AM,T4,Scylla_serrata,M,186,na,3.8,1.7,Keep,No,No,
6-Dec-2018,,7-Dec-2018,8:57 AM,T4,Scylla_serrata,M,176,na,3.0,1.4,Keep,No,No,
6-Dec-2018,,7-Dec-2018,8:57 AM,T4,Scylla_serrata,M,160,na,2.2,1.0,Keep,No,No,
17-Dec-2018,11:30 AM,18-Dec-2018,11:36 AM,T2,Scylla_serrata,M,190,na,3.6,1.6,Keep,No,No,
17-Dec-2018,11:30 AM,18-Dec-2018,11:36 AM,T2,Scylla_serrata,M,173,na,3.0,1.4,Keep,No,No,Miss L swim
17-Dec-2018,11:30 AM,18-Dec-2018,11:36 AM,T7,Scylla_serrata,M,186,na,3.5,1.6,Keep,No,No,
17-Dec-2018,11:30 AM,18-Dec-2018,11:36 AM,T7,Scylla_serrata,M,170,na,2.9,1.3,Keep,No,No,
17-Dec-2018,11:30 AM,18-Dec-2018,11:36 AM,T6,Scylla_serrata,M,168,na,2.7,1.2,Keep,No,No,
17-Dec-2018,11:30 AM,18-Dec-2018,11:36 AM,T6,Scylla_serrata,M,172,na,2.9,1.3,Keep,No,No,
17-Dec-2018,11:30 AM,18-Dec-2018,11:36 AM,T6,Scylla_serrata,M,172,na,2.7,1.2,Keep,No,No,
17-Dec-2018,11:30 AM,18-Dec-2018,11:36 AM,T5,Scylla_serrata,M,185,na,3.3,1.5,Keep,No,No,"Miss L2, R2"
17-Dec-2018,11:30 AM,18-Dec-2018,11:36 AM,T5,Scylla_serrata,M,180,na,3.7,1.7,Keep,No,No,
17-Dec-2018,11:30 AM,18-Dec-2018,11:36 AM,T5,Scylla_serrata,F,183,na,2.4,1.1,Keep,No,No,
17-Dec-2018,11:30 AM,18-Dec-2018,11:36 AM,T3,Scylla_serrata,M,188,na,3.8,1.7,Keep,No,No,
17-Dec-2018,11:30 AM,18-Dec-2018,11:36 AM,T3,Scylla_serrata,M,188,na,3.2,1.5,Keep,No,No,
17-Dec-2018,11:30 AM,18-Dec-2018,11:36 AM,T3,Scylla_serrata,M,165,na,2.7,1.2,Keep,No,No,
17-Dec-2018,11:30 AM,18-Dec-2018,11:36 AM,3,Scylla_serrata,M,na,na,na,na,Dead,No,No,Mostly intact
17-Dec-2018,11:30 AM,18-Dec-2018,11:36 AM,T4,Scylla_serrata,M,189,na,4.5,2.0,Keep,No,No,
17-Dec-2018,11:30 AM,18-Dec-2018,11:36 AM,T1,Scylla_serrata,M,181,na,3.3,1.5,Keep,No,No,
17-Dec-2018,11:30 AM,18-Dec-2018,11:36 AM,T1,Scylla_serrata,F,173,na,2.0,0.9,Keep,No,No,
17-Dec-2018,11:30 AM,18-Dec-2018,11:36 AM,T1,Scylla_serrata,M,140,na,1.2,0.5,Release,New,Y0091,Miss part telson
17-Dec-2018,11:30 AM,18-Dec-2018,11:36 AM,T1,Scylla_serrata,F,127,na,0.8,0.4,Release,New,Y0079,Miss L claw
17-Dec-2018,11:30 AM,18-Dec-2018,11:36 AM,T1,Scylla_serrata,M,139,na,1.0,0.5,Release,New,Y0080,
17-Dec-2018,11:30 AM,18-Dec-2018,11:36 AM,T1,Scylla_serrata,F,143,na,1.2,0.5,Release,New,Y0073,
5-Feb-2019,7:30 AM,6-Feb-2019,8:45 AM,T1,Scylla_serrata,M,167,na,2.7,1.2,Keep,No,No,
5-Feb-2019,7:30 AM,6-Feb-2019,8:45 AM,T3,Scylla_serrata,F,183,na,2.5,1.1,Keep,No,No,
5-Feb-2019,7:30 AM,6-Feb-2019,8:45 AM,T3,Scylla_serrata,M,174,na,3.2,1.5,Keep,No,No,
5-Feb-2019,7:30 AM,6-Feb-2019,8:45 AM,T7,Scylla_serrata,M,154,na,1.8,0.8,Release,New,Y0056,
5-Feb-2019,7:30 AM,6-Feb-2019,8:45 AM,T7,Scylla_serrata,F,163,na,1.7,0.8,Release,New,Y0057,Miss R
5-Feb-2019,7:30 AM,6-Feb-2019,8:45 AM,T7,Scylla_serrata,M,196,na,4.4,2.0,Keep,No,No,
5-Feb-2019,7:30 AM,6-Feb-2019,8:45 AM,T7,Scylla_serrata,M,147,na,na,na,Keep,No,No,"Dying, hole in carapace. No claws. Keep, not for sale."
5-Feb-2019,7:30 AM,6-Feb-2019,8:45 AM,T6,Scylla_serrata,M,172,na,3.2,1.5,Keep,No,No,Hole in carapace
5-Feb-2019,7:30 AM,6-Feb-2019,8:45 AM,T6,Scylla_serrata,M,171,na,3.0,1.4,Keep,No,No,
5-Feb-2019,7:30 AM,6-Feb-2019,8:45 AM,T6,Scylla_serrata,M,169,na,2.9,1.3,Keep,No,No,
5-Feb-2019,7:30 AM,6-Feb-2019,8:45 AM,T6,Scylla_serrata,M,175,na,3.3,1.5,Keep,No,No,
5-Feb-2019,7:30 AM,6-Feb-2019,8:45 AM,T4,Scylla_serrata,F,177,na,2.3,1.0,Keep,No,No,
5-Feb-2019,7:30 AM,6-Feb-2019,8:45 AM,T4,Scylla_serrata,M,189,na,4.0,1.8,Keep,No,No,
5-Feb-2019,7:30 AM,6-Feb-2019,8:45 AM,T4,Scylla_serrata,M,177,na,3.5,1.6,Keep,No,No,Big blue
5-Feb-2019,7:30 AM,6-Feb-2019,8:45 AM,T2,Scylla_serrata,M,182,na,3.4,1.5,Keep,No,No,
5-Feb-2019,7:30 AM,6-Feb-2019,8:45 AM,T2,Scylla_serrata,M,178,na,3.3,1.5,Keep,No,No,
5-Feb-2019,7:30 AM,6-Feb-2019,8:45 AM,T2,Scylla_serrata,M,187,na,3.4,1.5,Keep,No,No,"Miss R2, R swim"
5-Feb-2019,7:30 AM,6-Feb-2019,8:45 AM,T2,Scylla_serrata,M,175,na,2.9,1.3,Keep,No,No,Miss L2-4
5-Feb-2019,7:30 AM,6-Feb-2019,8:45 AM,T2,Scylla_serrata,M,178,na,3.4,1.5,Keep,No,No,
5-Feb-2019,7:30 AM,6-Feb-2019,8:45 AM,T2,Scylla_serrata,M,171,na,3.1,1.4,Keep,No,No,
5-Feb-2019,7:30 AM,6-Feb-2019,8:45 AM,T2,Scylla_serrata,M,190,na,4.1,1.9,Keep,No,No,"Miss L swim, part R claw"
5-Feb-2019,7:30 AM,6-Feb-2019,8:45 AM,T5,Scylla_serrata,M,165,na,2.7,1.2,Keep,No,No,
5-Feb-2019,7:30 AM,6-Feb-2019,8:45 AM,T5,Scylla_serrata,M,172,na,2.9,1.3,Keep,No,No,
5-Feb-2019,7:30 AM,6-Feb-2019,8:45 AM,T5,Scylla_serrata,M,173,na,3.3,1.5,Keep,No,No,
5-Feb-2019,7:30 AM,6-Feb-2019,8:45 AM,T5,Scylla_serrata,F,168,na,1.7,0.8,Release,New,Y0058,Miss R claw
5-Feb-2019,7:30 AM,6-Feb-2019,8:45 AM,T5,Scylla_serrata,M,178,na,3.8,1.7,Keep,No,No,
5-Feb-2019,7:30 AM,6-Feb-2019,8:45 AM,T5,Scylla_serrata,M,186,na,2.8,1.3,Dead_Keep,No,No,Freshly dead. Was alive on boat.
5-Feb-2019,7:30 AM,6-Feb-2019,8:45 AM,T5,Scylla_serrata,M,178,na,3.6,1.6,Keep,No,No,
13-Feb-2019,12:00 PM,14-Feb-2019,,T6,Scylla_serrata,M,189,na,3.6,1.6,Keep,No,na,
13-Feb-2019,12:00 PM,14-Feb-2019,,T6,Scylla_serrata,M,174,na,3.3,1.5,Keep,No,na,
13-Feb-2019,12:00 PM,14-Feb-2019,,T6,Scylla_serrata,M,184,na,4.0,1.8,Keep,No,na,
13-Feb-2019,12:00 PM,14-Feb-2019,,T4,Scylla_serrata,M,174,na,3.3,1.5,Keep,No,na,
13-Feb-2019,12:00 PM,14-Feb-2019,,T4,Scylla_serrata,M,191,na,3.2,1.5,Keep,No,na,Miss L claw
13-Feb-2019,12:00 PM,14-Feb-2019,,T2,Scylla_serrata,M,181,na,3.9,1.8,Keep,No,na,
13-Feb-2019,12:00 PM,14-Feb-2019,,T2,Scylla_serrata,F,163,na,1.8,0.8,Release,New,Y0060,
13-Feb-2019,12:00 PM,14-Feb-2019,,T2,Scylla_serrata,M,178,na,3.7,1.7,Keep,No,na,
13-Feb-2019,12:00 PM,14-Feb-2019,,T1,Scylla_serrata,F,155,na,1.5,0.7,Release,New,Y0062,
13-Feb-2019,12:00 PM,14-Feb-2019,,T1,Scylla_serrata,F,153,na,1.6,0.7,Release,New,Y0063,
13-Feb-2019,12:00 PM,14-Feb-2019,,T1,Scylla_serrata,F,161,na,1.7,0.8,Release,New,Y0064,
13-Feb-2019,12:00 PM,14-Feb-2019,,T3,Scylla_serrata,M,174,na,3.2,1.5,Keep,No,na,
13-Feb-2019,12:00 PM,14-Feb-2019,,T3,Scylla_serrata,M,183,na,3.8,1.7,Keep,No,na,
13-Feb-2019,12:00 PM,14-Feb-2019,,T3,Scylla_serrata,M,105,na,0.5,0.2,Release,New,Y0065,
13-Feb-2019,12:00 PM,14-Feb-2019,,T3,Scylla_serrata,J,77,na,0.2,0.1,Release,New,Y0066,
13-Feb-2019,12:00 PM,14-Feb-2019,,T3,Scylla_serrata,M,109,na,0.6,0.3,Release,New,Y0068,
13-Feb-2019,12:00 PM,14-Feb-2019,,T5,Scylla_serrata,M,169,na,3.1,1.4,Keep,No,na,Miss L swim
13-Feb-2019,12:00 PM,14-Feb-2019,,T5,Scylla_serrata,M,178,na,3.5,1.6,Keep,No,na,Miss R2
13-Feb-2019,12:00 PM,14-Feb-2019,,T5,Scylla_serrata,M,194,na,4.0,1.8,Keep,No,na,
13-Feb-2019,12:00 PM,14-Feb-2019,,T7,Scylla_serrata,M,179,na,3.6,1.6,Keep,No,na,Hole in carap
13-Feb-2019,12:00 PM,14-Feb-2019,,T7,Scylla_serrata,M,169,na,3.0,1.4,Keep,No,na,
13-Feb-2019,12:00 PM,14-Feb-2019,,T7,Scylla_serrata,F,170,na,2.2,1.0,Release,New,Y0061,
13-Feb-2019,12:00 PM,14-Feb-2019,,T7,Scylla_serrata,M,146,na,1.6,0.7,Release,New,Y0067,
13-Feb-2019,12:00 PM,14-Feb-2019,,T7,Scylla_serrata,M,180,na,3.5,1.6,Keep,No,na,
13-Feb-2019,12:00 PM,14-Feb-2019,,T7,Scylla_serrata,M,180,na,3.8,1.7,Keep,No,na,
19-Mar-2019,,20-Mar-2019,,T4,Scylla_serrata,F,173,na,2.2,1.0,Release,New,Y0116,
19-Mar-2019,,20-Mar-2019,,T4,Scylla_serrata,M,180,na,2.5,1.1,Release,New,Y0106,Miss R claw
19-Mar-2019,,20-Mar-2019,,T7,Scylla_serrata,M,177,na,3.0,1.4,Keep,No,na,
19-Mar-2019,,20-Mar-2019,,T7,Scylla_serrata,M,176,na,3.5,1.6,Keep,No,na,
19-Mar-2019,,20-Mar-2019,,T6,Scylla_serrata,F,na,na,na,na,Dead,No,na,
19-Mar-2019,,20-Mar-2019,,T6,Scylla_serrata,M,176,na,3.5,1.6,Keep,No,na,
19-Mar-2019,,20-Mar-2019,,T6,Scylla_serrata,F,176,na,2.2,1.0,Release,Yes,Y0157,
19-Mar-2019,,20-Mar-2019,,T3,Scylla_serrata,M,155,na,2.0,0.9,Release,New,Y0103,
19-Mar-2019,,20-Mar-2019,,T3,Scylla_serrata,F,150,na,na,na,Release,New,Y0087,Forgot to weigh
19-Mar-2019,,20-Mar-2019,,T3,Scylla_serrata,M,169,na,3.1,1.4,Keep,Yes,Y0104,
19-Mar-2019,,20-Mar-2019,,T1,Scylla_serrata,M,177,na,na,na,Dead,Yes,Y0195,
19-Mar-2019,,20-Mar-2019,,T1,Scylla_serrata,M,181,na,3.7,1.7,Keep,Yes,Y0184,
19-Mar-2019,,20-Mar-2019,,T1,Scylla_serrata,M,181,na,2.8,1.3,Keep,Yes,Y0149,
19-Mar-2019,,20-Mar-2019,,T1,Scylla_serrata,M,158,na,2.0,0.9,Release,New,Y0038,
19-Mar-2019,,20-Mar-2019,,T5,Scylla_serrata,M,144,na,1.4,0.6,Release,New,Y0198,
19-Mar-2019,,20-Mar-2019,,T5,Scylla_serrata,FJ,116,na,na,na,Release,New,Y0142,
19-Mar-2019,,20-Mar-2019,,T5,Scylla_serrata,M,164,na,2.6,1.2,Keep,No,na,
19-Mar-2019,,20-Mar-2019,,T5,Scylla_serrata,FJ,126,na,0.8,0.4,Release,New,Y0143,
19-Mar-2019,,20-Mar-2019,,T5,Scylla_serrata,M,176,na,3.3,1.5,Keep,No,na,
19-Mar-2019,,20-Mar-2019,,T5,Scylla_serrata,M,171,na,2.9,1.3,Keep,No,na,
17-Apr-2019,,18-Apr-2019,3:04 PM,T7,Scylla_serrata,M,175,na,3.3,1.5,Keep,No,na,
17-Apr-2019,,18-Apr-2019,3:04 PM,T6,Scylla_serrata,M,174,na,3.0,1.4,Keep,No,na,
17-Apr-2019,,18-Apr-2019,3:04 PM,T6,Scylla_serrata,M,172,na,3.2,1.5,Keep,No,na,
17-Apr-2019,,18-Apr-2019,3:04 PM,T6,Scylla_serrata,M,185,na,4.1,1.9,Keep,No,na,
17-Apr-2019,,18-Apr-2019,3:04 PM,T6,Scylla_serrata,M,169,na,2.9,1.3,Keep,No,na,
17-Apr-2019,,18-Apr-2019,3:04 PM,T2,Scylla_serrata,M,175,na,2.5,1.1,Keep,No,na,Miss L claw
17-Apr-2019,,18-Apr-2019,3:04 PM,T2,Scylla_serrata,M,172,na,1.8,0.8,Keep,No,na,No claws
17-Apr-2019,,18-Apr-2019,3:04 PM,T2,Scylla_serrata,F,177,na,2.1,1.0,Keep,No,na,
17-Apr-2019,,18-Apr-2019,3:04 PM,T2,Scylla_serrata,M,181,na,4.1,1.9,Keep,No,na,
17-Apr-2019,,18-Apr-2019,3:04 PM,T2,Scylla_serrata,M,176,na,3.8,1.7,Keep,No,na,
17-Apr-2019,,18-Apr-2019,3:04 PM,T2,Scylla_serrata,M,143,na,1.4,0.6,Release,New,Y0244,
17-Apr-2019,,18-Apr-2019,3:04 PM,T2,Scylla_serrata,M,170,na,3.1,1.4,Keep,No,na,
17-Apr-2019,,18-Apr-2019,3:04 PM,T2,Scylla_serrata,M,194,na,4.9,2.2,Keep,No,na,
17-Apr-2019,,18-Apr-2019,3:04 PM,T5,Scylla_serrata,M,151,na,2.1,1.0,Keep,Yes,Y0289,
17-Apr-2019,,18-Apr-2019,3:04 PM,T5,Scylla_serrata,M,146,na,1.5,0.7,Keep,No,na,
17-Apr-2019,,18-Apr-2019,3:04 PM,T5,Scylla_serrata,M,168,na,na,na,Dead,No,na,
17-Apr-2019,,18-Apr-2019,3:04 PM,T5,Scylla_serrata,J,80,na,0.3,0.1,Release,New,Y0293,
17-Apr-2019,,18-Apr-2019,3:04 PM,T5,Scylla_serrata,M,180,na,2.8,1.3,Keep,No,na,"Miss R claw, R swim"
17-Apr-2019,,18-Apr-2019,3:04 PM,T5,Scylla_serrata,M,76,na,0.2,0.1,Release,New,Y0203,Miss L claw
17-Apr-2019,,18-Apr-2019,3:04 PM,T1,Scylla_serrata,M,187,na,4.0,1.8,Keep,Yes,Y0239,
17-Apr-2019,,18-Apr-2019,3:04 PM,T1,Scylla_serrata,M,140,na,1.4,0.6,Release,New,Y0328,
17-Apr-2019,,18-Apr-2019,3:04 PM,T1,Scylla_serrata,M,140,na,1.5,0.7,Release,New,Y0206,
17-Apr-2019,,18-Apr-2019,3:04 PM,T1,Scylla_serrata,M,186,na,4.1,1.9,Keep,Yes,Y0160,
17-Apr-2019,,18-Apr-2019,3:04 PM,T7,Scylla_serrata,M,179,na,3.6,1.6,Keep,No,na,
17-Apr-2019,,18-Apr-2019,3:04 PM,T7,Scylla_serrata,F,163,na,1.7,0.8,Release,New,Y0228,
